source,target
bxf,kzv
bxf,tfz
bxf,qfg
bxf,qrb
kzv,bxf
kzv,qns
kzv,vsm
kzv,qrs
kzv,cvn
tfz,bxf
tfz,gvs
tfz,rbs
tfz,mlh
pjp,lhx
pjp,qmr
pjp,bnb
pjp,rhv
pjp,kfj
pjp,bsf
lhx,pjp
lhx,lqf
lhx,xgg
lhx,sds
qmr,pjp
qmr,tzn
qmr,fgk
qmr,bkh
bnb,pjp
bnb,nxv
bnb,psp
bnb,dkm
rhv,pjp
rhv,gpb
rhv,rql
rhv,lhc
kfj,pjp
kfj,lxt
kfj,ncv
kfj,brj
kqk,gjl
kqk,rpz
kqk,djf
kqk,dbm
gjl,kqk
gjl,bjf
gjl,bjk
gjl,tdr
gjl,rsv
rpz,kqk
rpz,xjc
rpz,nmp
rpz,lsc
gpp,qfl
gpp,xlv
gpp,gtl
gpp,kvz
gpp,hbf
gpp,vxq
qfl,gpp
qfl,thc
qfl,ztp
qfl,vkp
xlv,gpp
xlv,tbd
xlv,bsj
xlv,hzp
gtl,gpp
gtl,qms
gtl,pqq
gtl,vvh
kvz,gpp
kvz,kms
kvz,srq
kvz,tjx
kvz,fcf
hbf,gpp
hbf,gmp
hbf,phm
hbf,jcd
mfg,cqm
mfg,mkr
mfg,rkb
mfg,zlk
mfg,rtk
cqm,mfg
cqm,djx
cqm,csp
cqm,dzv
mkr,mfg
mkr,fmv
mkr,vfk
mkr,svq
mkr,rvh
rkb,mfg
rkb,bdd
rkb,jcs
rkb,jrk
fkl,tpq
fkl,ckj
fkl,pss
fkl,cdb
tpq,fkl
tpq,gzz
tpq,rbs
tpq,tmx
tpq,tfx
tpq,bqd
tpq,qkq
ckj,fkl
ckj,smf
ckj,jcd
ckj,qhv
ckj,dnp
pss,fkl
pss,cfb
pss,cfl
pss,lcm
cdb,fkl
cdb,ggb
cdb,bdd
cdb,tmc
qns,kzv
qns,khg
qns,sct
qns,qrb
dfd,lfl
dfd,gdb
dfd,mcd
dfd,jhq
dfd,bdj
lfl,dfd
lfl,glj
lfl,hzx
lfl,tkl
lfl,kqd
lfl,mrf
lfl,nlh
lfl,ztq
lfl,hbd
gdb,dfd
gdb,lrr
gdb,nbr
gdb,xss
gdb,sms
gdb,csb
rhn,blk
rhn,xkn
rhn,kbp
rhn,lpt
blk,rhn
blk,gqb
blk,pxk
blk,pms
blk,tfn
xkn,rhn
xkn,mhz
xkn,vrk
xkn,nth
kbp,rhn
kbp,szp
kbp,lhd
kbp,nvm
gkz,lxk
gkz,kns
gkz,xbs
gkz,fch
gkz,kkv
gkz,pkd
lxk,gkz
lxk,nxq
lxk,vdl
lxk,gsp
lxk,zsh
kns,gkz
kns,qkp
kns,bzf
kns,pqg
kns,rrc
czb,ddl
czb,qrt
czb,szj
czb,srl
czb,kzt
czb,bcb
czb,vdb
ddl,czb
ddl,zqt
ddl,ndp
ddl,zvb
gxp,gmj
gxp,zjb
gxp,nsk
gxp,rlg
gmj,gxp
gmj,ncv
gmj,gnf
gmj,qqx
gmj,sdj
gmj,bjn
zjb,gxp
zjb,pxr
zjb,qsm
zjb,nvc
zjb,fdl
zjb,mjj
zjb,shf
zjb,kzz
nsk,gxp
nsk,jkx
nsk,zpl
nsk,kqq
rlg,gxp
rlg,gsk
rlg,hmq
rlg,mmf
tqc,kth
tqc,kjg
tqc,bjh
tqc,trm
kth,tqc
kth,bqr
kth,tft
kth,sgm
kjg,tqc
kjg,qbr
kjg,fpj
kjg,lld
kjg,prv
kjg,mgt
hgg,kmc
hgg,lld
hgg,xtf
hgg,nxl
kmc,hgg
kmc,bjn
kmc,djs
kmc,ckh
lld,hgg
lld,vpd
lld,kjg
lld,dgc
xtf,hgg
xtf,lpq
xtf,xbr
xtf,qkm
xdg,hvr
xdg,vpv
xdg,mdm
xdg,spc
hvr,xdg
hvr,thg
hvr,psp
hvr,gkx
hvr,nxf
hvr,gjr
hvr,lbf
vpv,xdg
vpv,fdf
vpv,mjc
vpv,mkn
mdm,xdg
mdm,qnc
mdm,nxh
mdm,nrg
spc,xdg
spc,nxl
spc,qkg
spc,jgd
spc,bql
spc,tfn
spc,hvv
lrr,phm
lrr,gdb
lrr,jmg
lrr,kgv
lrr,rsj
phm,lrr
phm,hbf
phm,ksv
phm,vlf
xrk,vxt
xrk,xft
xrk,sdj
xrk,sxr
vxt,xrk
vxt,vcd
vxt,dgs
vxt,pjx
xft,xrk
xft,fkr
xft,pzv
xft,vdl
xft,qvr
sdj,xrk
sdj,nmz
sdj,bsz
sdj,gpb
sdj,qds
sdj,gmj
sdj,cxd
sxr,xrk
sxr,hng
sxr,cqr
sxr,mkn
mdb,nxq
mdb,mtq
mdb,csq
mdb,xgg
mdb,fbx
mdb,zrx
mdb,pfx
nxq,mdb
nxq,lxk
nxq,vpd
nxq,dqp
ghl,bfz
ghl,ssn
ghl,fdg
ghl,ghh
ghl,ztf
bfz,ghl
bfz,xqz
bfz,pfc
bfz,szc
ssn,ghl
ssn,ths
ssn,nss
ssn,tks
ssn,qzs
fdg,ghl
fdg,xnh
fdg,mml
fdg,rzc
fdg,mdk
fdg,njr
cnp,ktk
cnp,pzv
cnp,trt
cnp,zdk
ktk,cnp
ktk,zfc
ktk,sct
ktk,tbm
ktk,ttk
pzv,cnp
pzv,xpq
pzv,xft
pzv,kgt
pzv,dxj
pzv,mvf
pzv,jtr
trt,cnp
trt,vhr
trt,csp
trt,sqx
zdk,cnp
zdk,qxq
zdk,dnp
zdk,jqs
xvq,pqv
xvq,rqg
xvq,spn
xvq,vvj
pqv,xvq
pqv,mnb
pqv,jcd
pqv,bgm
pqv,sxv
rqg,xvq
rqg,sck
rqg,rcs
rqg,jss
rqg,kcr
spn,xvq
spn,knh
spn,ngm
spn,nvn
spn,hxq
spn,kpr
mmk,gtf
mmk,pdg
mmk,sqr
mmk,xbq
gtf,mmk
gtf,sfx
gtf,vmz
gtf,tff
gtf,kbk
pdg,mmk
pdg,bbk
pdg,tks
pdg,gnm
nvx,jbc
nvx,hfb
nvx,nmm
nvx,zbq
jbc,nvx
jbc,ggx
jbc,cvn
jbc,gks
bjn,rbh
bjn,kmc
bjn,khk
bjn,gmj
rbh,bjn
rbh,cjv
rbh,djg
rbh,tnf
ksh,bld
ksh,shz
ksh,fnd
ksh,srq
ksh,pcs
bld,ksh
bld,czh
bld,msr
bld,bpr
shz,ksh
shz,vsp
shz,ntj
shz,mtb
shz,mgc
fnd,ksh
fnd,xfv
fnd,gbr
fnd,phk
fnd,djn
slq,xnd
slq,hkk
slq,sqh
slq,hch
slq,rls
xnd,slq
xnd,rcr
xnd,kft
xnd,fll
xnd,knt
xnd,mvm
hkk,slq
hkk,gnc
hkk,xtn
hkk,xsr
sqh,slq
sqh,zss
sqh,hcs
sqh,bpf
hch,slq
hch,ndn
hch,vxs
hch,rqj
hch,hzt
rls,slq
rls,lln
rls,msr
rls,gcv
hnk,hsl
hnk,vbf
hnk,jdn
hnk,hhv
hsl,hnk
hsl,mhc
hsl,xzf
hsl,tmj
hsl,xnh
vbf,hnk
vbf,jqq
vbf,sms
vbf,gtc
jdn,hnk
jdn,dbz
jdn,ncd
jdn,ftq
jdn,dtc
hhv,hnk
hhv,jsl
hhv,csm
hhv,jxl
zfc,ktk
zfc,hfk
zfc,qsn
zfc,msq
hfk,zfc
hfk,mgm
hfk,pkv
hfk,xhp
hfk,rmg
hfk,lzz
djs,kmc
djs,vbq
djs,xzq
djs,zxn
vbq,djs
vbq,hsh
vbq,fkt
vbq,hdz
hvv,txb
hvv,sdk
hvv,spc
hvv,phq
hvv,lpq
txb,hvv
txb,szj
txb,sxb
txb,vnq
nmz,dgr
nmz,sdj
nmz,bmm
nmz,gkp
dgr,nmz
dgr,jkp
dgr,lck
dgr,tsv
lll,bzx
lll,jgd
lll,njm
lll,gpr
bzx,lll
bzx,ngq
bzx,bvm
bzx,dvh
bzx,blv
msd,zhh
msd,rrn
msd,mff
msd,jbj
zhh,msd
zhh,qls
zhh,czn
zhh,bjl
zhh,fpq
rrn,msd
rrn,fsd
rrn,dvd
rrn,hxs
dhv,kbk
dhv,dxl
dhv,vch
dhv,xkq
kbk,dhv
kbk,khf
kbk,jns
kbk,sxl
kbk,htf
kbk,gtf
dxl,dhv
dxl,msf
dxl,ngg
dxl,xvd
vch,dhv
vch,ffb
vch,hsc
vch,hqv
xkq,dhv
xkq,jhq
xkq,clq
xkq,sgx
pgn,mmg
pgn,rnb
pgn,kcc
pgn,bjt
mmg,pgn
mmg,ncj
mmg,kzp
mmg,gcv
rnb,pgn
rnb,pzl
rnb,hfb
rnb,jth
lqh,srm
lqh,tml
lqh,bjd
lqh,bjh
lqh,bvp
lqh,smx
srm,lqh
srm,pms
srm,zpl
srm,rds
srm,kmr
srm,plb
srm,rph
tml,lqh
tml,nqv
tml,bjh
tml,grq
tml,dps
bjd,lqh
bjd,slp
bjd,mpg
bjd,rzx
bjd,lpt
bjd,vdz
bjd,tbr
xpq,phn
xpq,pzv
xpq,bgx
xpq,gmk
phn,xpq
phn,mhm
phn,qhp
phn,jkh
phn,sbp
phn,ztq
pgd,dft
pgd,lzl
pgd,gfq
pgd,hdb
pgd,pvk
dft,pgd
dft,tph
dft,xjz
dft,lcm
dft,lng
lzl,pgd
lzl,jch
lzl,bvv
lzl,vrp
gfq,pgd
gfq,khg
gfq,ptt
gfq,qsz
gfq,dmm
hdb,pgd
hdb,zlk
hdb,hlv
hdb,vbh
pvk,pgd
pvk,jtr
pvk,bsj
pvk,jtn
crv,vrz
crv,hmf
crv,scj
crv,znq
vrz,crv
vrz,sfx
vrz,xqz
vrz,kdc
vrz,ftj
hmf,crv
hmf,klk
hmf,bxv
hmf,sxv
scj,crv
scj,jcn
scj,vpp
scj,skz
scj,hnf
scj,rsz
scj,fsc
scj,krd
znq,crv
znq,mhh
znq,vsp
znq,ffd
znq,jkr
nhf,xzp
nhf,cbx
nhf,pjg
nhf,vfr
nhf,tvz
xzp,nhf
xzp,zsd
xzp,bvp
xzp,cdf
xzp,tht
cbx,nhf
cbx,ngq
cbx,dqf
cbx,gsl
cbx,xjc
cbx,tft
cbx,gnf
cbx,msv
pjg,nhf
pjg,kmr
pjg,fch
pjg,pgc
pjg,lvc
tph,dft
tph,jmg
tph,glj
tph,kjk
jqn,vmz
jqn,ttx
jqn,cnr
jqn,hxt
vmz,jqn
vmz,kpr
vmz,gtf
vmz,tcp
ttx,jqn
ttx,kdj
ttx,fbp
ttx,ftq
cnr,jqn
cnr,jjx
cnr,qch
cnr,ggx
cnr,cfb
cnr,fvq
cnr,xmr
hxt,jqn
hxt,jtd
hxt,nss
hxt,klk
pxr,jgt
pxr,zjb
pxr,bsz
pxr,zjm
pxr,zgt
jgt,pxr
jgt,nvm
jgt,cmg
jgt,mcq
jgt,nqc
bsz,pxr
bsz,gkx
bsz,sdj
bsz,tft
bsz,kkv
bsz,xcf
bsz,xtl
zjm,pxr
zjm,xxh
zjm,qjk
zjm,gnf
zjm,mtv
zjm,mkz
zgt,pxr
zgt,qrt
zgt,mtp
zgt,ntb
szp,vdl
szp,kbp
szp,txn
szp,qvr
szp,gxt
vdl,szp
vdl,lxk
vdl,xft
vdl,ghs
hqv,stm
hqv,jgp
hqv,trc
hqv,cdv
hqv,vch
stm,hqv
stm,mxr
stm,lsm
stm,sfq
jgp,hqv
jgp,bdp
jgp,knt
jgp,rkg
trc,hqv
trc,jtd
trc,shl
trc,vtn
zjg,mnc
zjg,zqt
zjg,bmj
zjg,drt
mnc,zjg
mnc,txn
mnc,nvb
mnc,crg
mnc,gpr
zqt,zjg
zqt,ddl
zqt,fnj
zqt,snc
bmj,zjg
bmj,fjh
bmj,qbk
bmj,tkf
drt,zjg
drt,vng
drt,gkm
drt,kzz
drt,czz
drt,ggz
drt,cdf
drt,kzt
ngq,bzx
ngq,cbx
ngq,szn
ngq,cjm
ngq,qds
ngq,gvx
cgp,khz
cgp,xlj
cgp,pgl
cgp,msv
khz,cgp
khz,pxg
khz,hzr
khz,mtv
khz,fpd
jdh,bzj
jdh,dfn
jdh,mhc
jdh,rsn
jdh,nlh
jdh,mgd
bzj,jdh
bzj,bpm
bzj,xsr
bzj,rrq
bzj,zbq
dfn,jdh
dfn,xbq
dfn,nvl
dfn,dzv
dfn,sfd
dfn,nzg
scn,tmg
scn,kjk
scn,gvm
scn,xht
tmg,scn
tmg,hzp
tmg,cvv
tmg,kcp
kjk,scn
kjk,qcs
kjk,xcs
kjk,gmk
kjk,tph
kjk,pmr
gvm,scn
gvm,txj
gvm,mhd
gvm,vhk
gvm,bzg
xht,scn
xht,hlk
xht,rmg
xht,fmt
qdj,vdb
qdj,lgv
qdj,czz
qdj,tcj
qdj,hll
vdb,qdj
vdb,sfj
vdb,vrk
vdb,czb
lgv,qdj
lgv,lft
lgv,mtx
lgv,rsv
czz,qdj
czz,drt
czz,nbv
czz,gvx
tcj,qdj
tcj,pcm
tcj,gch
tcj,mff
hll,qdj
hll,txt
hll,mxn
hll,cph
jkx,nsk
jkx,hfn
jkx,lft
jkx,jgm
jkx,zzn
zpl,nsk
zpl,srm
zpl,nrz
zpl,lnl
zpl,qhz
zzt,hrc
zzt,pxk
zzt,bcb
zzt,csl
hrc,zzt
hrc,tmq
hrc,xfb
hrc,gkp
hrc,rdq
hrc,sdh
pxk,zzt
pxk,fdf
pxk,dbm
pxk,blk
pxk,jhf
pxk,hsh
pxk,ztg
pxk,lvc
bcb,zzt
bcb,gjr
bcb,zvb
bcb,czb
csl,zzt
csl,lhc
csl,vdc
csl,tnf
msr,tmc
msr,bld
msr,lgn
msr,kdj
msr,rls
tmc,msr
tmc,cfz
tmc,jhr
tmc,jsg
tmc,vlf
tmc,cdb
thc,qcl
thc,qfl
thc,txj
thc,jrk
qcl,thc
qcl,ndn
qcl,crk
qcl,gcn
txj,thc
txj,gvm
txj,gzz
txj,qgk
txj,pjn
qpp,dht
qpp,xkx
qpp,vgh
qpp,qkq
qpp,dtv
dht,qpp
dht,ndn
dht,djn
dht,dxp
xkx,qpp
xkx,dvp
xkx,jbn
xkx,vvh
xkx,hbd
xkx,svs
vgh,qpp
vgh,shp
vgh,ssm
vgh,cfj
qcm,lbm
qcm,kql
qcm,mdg
qcm,kgv
qcm,csb
lbm,qcm
lbm,nzp
lbm,kzp
lbm,kdl
lbm,nmb
kql,qcm
kql,lkr
kql,sfq
kql,vmn
nxl,hgg
nxl,spc
nxl,bjk
nxl,bjl
bjk,nxl
bjk,gjl
bjk,fvx
bjk,sts
bjk,dhn
xnt,pkx
xnt,gcd
xnt,dlq
xnt,qvg
pkx,xnt
pkx,tnj
pkx,lcp
pkx,tqj
gcd,xnt
gcd,rms
gcd,kjt
gcd,cqr
gcd,rvg
gcd,csq
dlq,xnt
dlq,jjm
dlq,gbm
dlq,mjc
dlq,pbd
qvg,xnt
qvg,qtx
qvg,szj
qvg,jcj
qvg,lkt
ssp,fdl
ssp,lvh
ssp,kdp
ssp,mmf
fdl,ssp
fdl,bnf
fdl,zjb
fdl,jft
lvh,ssp
lvh,cnj
lvh,hct
lvh,hhh
lvh,vdc
kdp,ssp
kdp,xzq
kdp,mpg
kdp,qfs
gpb,rhv
gpb,sdj
gpb,dvb
gpb,kbf
rql,rhv
rql,ckf
rql,fgs
rql,ttd
rql,khs
hfn,jkx
hfn,hrr
hfn,pxg
hfn,lhm
hrr,hfn
hrr,jfd
hrr,nqv
hrr,tqj
gtb,tzn
gtb,pnb
gtb,cck
gtb,fkr
gtb,fxp
gtb,fpj
gtb,gph
tzn,gtb
tzn,frn
tzn,mpg
tzn,qmr
tzn,bgt
pnb,gtb
pnb,csk
pnb,gdd
pnb,cxd
cck,gtb
cck,hxg
cck,szj
cck,tkf
mnb,nlv
mnb,lrd
mnb,pqv
mnb,hzx
nlv,mnb
nlv,mhd
nlv,gfp
nlv,zzk
lrd,mnb
lrd,cnt
lrd,qrb
lrd,xjd
hzx,mnb
hzx,kck
hzx,lfl
hzx,jhq
frj,szv
frj,qkt
frj,ngg
frj,rsn
szv,frj
szv,hbt
szv,mpd
szv,szq
qkt,frj
qkt,mcf
qkt,vrp
qkt,dtd
qkt,vmn
ngg,frj
ngg,zml
ngg,dxl
ngg,xrn
rsn,frj
rsn,jtz
rsn,cvv
rsn,jdh
rsn,rtk
dbn,ntb
dbn,tnf
dbn,ndb
dbn,smp
ntb,dbn
ntb,gvf
ntb,rbr
ntb,zgt
tnf,dbn
tnf,jgm
tnf,csl
tnf,rrs
tnf,rbh
ssv,knt
ssv,str
ssv,lgn
ssv,vgp
knt,ssv
knt,jgp
knt,sqz
knt,xnd
str,ssv
str,nvn
str,xfv
str,dxb
str,gcz
lgn,ssv
lgn,mcf
lgn,msr
lgn,mlh
lgn,rld
tlx,thj
tlx,xcm
tlx,chf
tlx,lnt
thj,tlx
thj,pmd
thj,msj
thj,jbn
thj,nlc
thj,bnh
xcm,tlx
xcm,bgg
xcm,gpc
xcm,qgh
kxv,bmg
kxv,gch
kxv,pgx
kxv,znm
bmg,kxv
bmg,zfr
bmg,fvx
bmg,hlp
bmg,fgk
gch,kxv
gch,tcj
gch,jvd
gch,czj
pgx,kxv
pgx,zrp
pgx,rmc
pgx,rxn
pgx,shc
pgx,jhp
pgx,tmq
pgx,zsg
zgk,tzz
zgk,tth
zgk,dvh
zgk,lcv
zgk,xrf
tzz,zgk
tzz,qxf
tzz,psh
tzz,lgr
tth,zgk
tth,tgp
tth,hfv
tth,srl
tth,qvr
tth,bgt
dvh,zgk
dvh,mzd
dvh,rvg
dvh,bzx
dvh,nts
lcv,zgk
lcv,bxm
lcv,ccv
lcv,vbn
khf,kbk
khf,dpg
khf,skz
khf,nfr
dpg,khf
dpg,rcs
dpg,gmp
dpg,dsp
skz,khf
skz,rcl
skz,zml
skz,qtv
skz,scj
skz,brs
dbz,jdn
dbz,qtv
dbz,mvt
dbz,ggb
bzp,jhn
bzp,zsr
bzp,xkh
bzp,lmc
bzp,fxz
jhn,bzp
jhn,hbr
jhn,zhv
jhn,bsj
zsr,bzp
zsr,tzm
zsr,tsd
zsr,kfg
cnj,nsg
cnj,bjf
cnj,lvh
cnj,lbl
nsg,cnj
nsg,hhc
nsg,pgk
nsg,fpd
bjf,cnj
bjf,jzn
bjf,bfr
bjf,gjl
lbl,cnj
lbl,psl
lbl,trm
lbl,grq
lbl,hnr
shp,vgh
shp,hvb
shp,vvh
shp,dtv
ssm,vgh
ssm,xnh
ssm,kpr
ssm,zxl
cfj,vgh
cfj,cvt
cfj,kgl
cfj,tvf
cfj,mmm
cfj,dxb
xdm,rdx
xdm,qms
xdm,ljm
xdm,ksd
rdx,xdm
rdx,jzj
rdx,tmf
rdx,szx
gvs,bmh
gvs,sms
gvs,tfz
gvs,jjt
gvs,bzm
bmh,gvs
bmh,vqj
bmh,qjj
bmh,xsj
sms,gvs
sms,nzp
sms,gdb
sms,vbf
fsl,vzb
fsl,fjz
fsl,dbh
fsl,stb
vzb,fsl
vzb,fqz
vzb,fpt
vzb,tcs
vzb,qpl
fjz,fsl
fjz,zhk
fjz,fvx
fjz,nlf
dbh,fsl
dbh,fsd
dbh,txh
dbh,sjm
stb,fsl
stb,lmj
stb,qmn
stb,zff
stb,cxf
khg,qns
khg,gfq
khg,jgb
khg,zlk
qfg,mxf
qfg,bxf
qfg,gdc
qfg,bjt
mxf,qfg
mxf,bsj
mxf,pqq
mxf,dzd
mxf,gmk
gdc,qfg
gdc,qhm
gdc,lnb
gdc,gfp
gdc,ggf
ccf,smg
ccf,bgh
ccf,hrb
ccf,krd
smg,ccf
smg,lcf
smg,ftj
smg,xrn
bgh,ccf
bgh,qjj
bgh,tls
bgh,ctq
bgh,qfh
hrb,ccf
hrb,fzl
hrb,qch
hrb,ghj
hrb,vxq
krd,ccf
krd,scj
krd,lbs
krd,rlj
krd,kdc
bgf,qhj
bgf,bmz
bgf,jbx
bgf,zrx
bgf,xpm
bgf,qnc
qhj,bgf
qhj,svm
qhj,qnd
qhj,jfb
bmz,bgf
bmz,tkc
bmz,zrp
bmz,lxt
jbx,bgf
jbx,smp
jbx,dvb
jbx,zsh
jbx,fjh
zrx,bgf
zrx,mdb
zrx,dfm
zrx,vdz
zrx,shx
xpm,bgf
xpm,sts
xpm,ncv
xpm,snm
djr,qnd
djr,qkp
djr,jqk
djr,hzq
djr,mxt
qnd,djr
qnd,qhj
qnd,gfr
qnd,bsm
qnd,jpn
qnd,gpr
khr,nvb
khr,hcm
khr,djf
khr,sts
khr,stv
nvb,khr
nvb,zvs
nvb,ckn
nvb,mnc
hcm,khr
hcm,bdl
hcm,ntq
hcm,fcl
hcm,mtv
xbr,ftb
xbr,fbc
xbr,hzr
xbr,xtf
xbr,gxk
ftb,xbr
ftb,ppf
ftb,ptq
ftb,jrh
pqj,zfl
pqj,rcl
pqj,jsx
pqj,vjb
zfl,pqj
zfl,zml
zfl,hbp
zfl,qhm
zfl,zbq
jfd,hrr
jfd,gql
jfd,tdf
jfd,lxg
gql,jfd
gql,tdf
gql,psz
gql,nqd
slp,bjd
slp,gkb
slp,mmb
slp,xlx
mpg,bjd
mpg,qkm
mpg,tzn
mpg,kdp
mpg,sqv
rzx,bjd
rzx,xrm
rzx,vhf
rzx,gvn
txr,sfd
txr,szh
txr,sjl
txr,pbj
sfd,txr
sfd,tks
sfd,dfn
sfd,mxp
sfd,zhz
jzn,bjf
jzn,znm
jzn,khs
jzn,qhz
jzn,xrf
znm,jzn
znm,kxv
znm,kmj
znm,tjz
khs,jzn
khs,tjz
khs,rql
khs,dvm
qhz,jzn
qhz,qlh
qhz,kqz
qhz,zpl
mdg,qcm
mdg,nxn
mdg,bbk
mdg,gnc
nxn,mdg
nxn,gdr
nxn,gjp
nxn,rvh
nxn,bjt
bbk,mdg
bbk,mrh
bbk,jzj
bbk,pdg
bbk,clq
gnc,mdg
gnc,lnt
gnc,hkk
gnc,hxq
xfv,sfq
xfv,fnd
xfv,str
xfv,lsm
sfq,xfv
sfq,ghm
sfq,clq
sfq,kql
sfq,bjt
sfq,kfb
sfq,stm
sfq,zql
zrp,pgx
zrp,tgh
zrp,mtp
zrp,bmz
tgh,zrp
tgh,mtn
tgh,xpt
tgh,ttj
tgh,zrr
zmm,jsx
zmm,kzp
zmm,jxz
zmm,csb
zmm,gfb
zmm,xzs
zmm,tsc
jsx,zmm
jsx,csm
jsx,pqj
jsx,kcc
kzp,zmm
kzp,llr
kzp,lbm
kzp,mmg
jxz,zmm
jxz,dxp
jxz,lns
jxz,hrg
csb,zmm
csb,dsf
csb,qcm
csb,gdb
gfb,zmm
gfb,zxb
gfb,bdj
gfb,mrf
jkp,dgr
jkp,drx
jkp,vdh
jkp,hxs
drx,jkp
drx,vsj
drx,tsb
drx,hqf
drx,gnz
vdh,jkp
vdh,mzd
vdh,cgd
vdh,vqq
hxs,jkp
hxs,rrn
hxs,cnx
hxs,zlp
hxs,lcl
chf,jcv
chf,dgb
chf,tlx
chf,vgp
jcv,chf
jcv,jkr
jcv,dgb
jcv,bdp
jcv,dtv
dgb,chf
dgb,jcv
dgb,llm
dgb,qhm
dgb,mgd
nqv,tml
nqv,hrr
nqv,shc
nqv,kpn
nqv,jbj
shc,nqv
shc,brf
shc,txh
shc,fgz
shc,pgx
kpn,nqv
kpn,frn
kpn,bkr
kpn,sxc
qkp,dvd
qkp,djr
qkp,ggz
qkp,kns
qkp,bmm
qkp,dqm
dvd,qkp
dvd,jdx
dvd,lft
dvd,rrn
dvd,vjk
ggz,qkp
ggz,mgp
ggz,drt
ggz,dvz
bmm,qkp
bmm,gzs
bmm,nmz
bmm,gsk
zsj,mjd
zsj,bkr
zsj,jvd
zsj,rrc
zsj,hlp
mjd,zsj
mjd,hhc
mjd,cvs
mjd,sqn
mjd,mkn
bkr,zsj
bkr,rdg
bkr,kpn
bkr,cht
bkr,snm
bkr,xcf
jvd,zsj
jvd,rml
jvd,gch
jvd,sdh
sdk,nkk
sdk,fnh
sdk,hvv
sdk,tvz
nkk,sdk
nkk,lkt
nkk,tbr
nkk,sds
fnh,sdk
fnh,fcl
fnh,xhz
fnh,vjz
rcl,pqj
rcl,mvt
rcl,skz
rcl,qqj
mvt,rcl
mvt,dbz
mvt,mnx
mvt,vkx
mvt,hrn
mvt,fzl
jkd,jhs
jkd,bck
jkd,xvf
jkd,hdg
jhs,jkd
jhs,vdz
jhs,zxj
jhs,qnm
bck,jkd
bck,kjt
bck,xfn
bck,rtv
bck,hpv
bck,gsp
bck,rbx
xvf,jkd
xvf,qbk
xvf,gvn
xvf,lcp
hdg,jkd
hdg,ptq
hdg,rzj
hdg,mxt
hdg,llv
qbr,kjg
qbr,rds
qbr,rtv
qbr,tvh
ltq,kms
ltq,msj
ltq,sqs
ltq,hvb
ltq,jqs
kms,ltq
kms,kvz
kms,tbd
kms,pgm
msj,ltq
msj,cxs
msj,thj
msj,tvf
sqs,ltq
sqs,pxz
sqs,zzl
sqs,vcp
hvb,ltq
hvb,pcq
hvb,bzm
hvb,shp
hvb,xqz
hvb,lng
jqs,ltq
jqs,lkj
jqs,vcx
jqs,zdk
hpb,mmb
hpb,qdc
hpb,phq
hpb,gxk
mmb,hpb
mmb,mtn
mmb,slp
mmb,glg
mmb,qqx
hzp,tmg
hzp,xqn
hzp,ghj
hzp,xlv
hzp,xzs
cvv,tmg
cvv,vgr
cvv,rsn
cvv,xqx
cvv,vpg
cvv,szc
kcp,tmg
kcp,kbg
kcp,dvv
kcp,phk
szh,txr
szh,qnv
szh,szq
szh,zhz
qnv,szh
qnv,fnk
qnv,mpd
qnv,kvd
qnv,kld
szq,szh
szq,szv
szq,vhr
szq,tzm
szq,hbr
szq,ftq
pms,srm
pms,psv
pms,blk
pms,sgm
pms,dxc
mhm,phn
mhm,kck
mhm,mpd
mhm,kgv
mhd,nlv
mhd,gvm
mhd,glt
mhd,mlp
gfp,nlv
gfp,gdc
gfp,jns
gfp,shl
ppj,vqj
ppj,fcf
ppj,lbr
ppj,frs
vqj,ppj
vqj,bmh
vqj,cnt
vqj,mcf
vqj,fcf
fcf,ppj
fcf,szd
fcf,vqj
fcf,kvz
fbc,vxz
fbc,cjf
fbc,xbr
fbc,glv
fbc,rbr
vxz,fbc
vxz,fgz
vxz,rsv
vxz,lpd
cjf,fbc
cjf,zsd
cjf,qsm
cjf,zrr
kkh,cmz
kkh,zmz
kkh,rmc
kkh,fjh
kkh,jfq
cmz,kkh
cmz,qsh
cmz,mcq
cmz,qrf
zmz,kkh
zmz,rmf
zmz,vct
zmz,klj
rmc,kkh
rmc,pgx
rmc,ksp
rmc,vpz
fjh,kkh
fjh,bmj
fjh,jbx
fjh,fvg
jfq,kkh
jfq,mlx
jfq,gkb
jfq,tqf
jfq,kqq
jfq,zcg
qnc,ksl
qnc,mdm
qnc,bgf
qnc,gml
qnc,xxh
ksl,qnc
ksl,vqq
ksl,nbk
ksl,cjm
gml,qnc
gml,hrj
gml,rtv
gml,gxk
xxh,qnc
xxh,tdf
xxh,zjm
xxh,dgs
gfl,pvv
gfl,djx
gfl,msx
gfl,bgc
gfl,tsd
pvv,gfl
pvv,jsl
pvv,mdk
pvv,pxh
djx,gfl
djx,sck
djx,cqm
djx,nbz
msx,gfl
msx,xsr
msx,nfr
msx,ftj
bgc,gfl
bgc,spj
bgc,svq
bgc,kgv
tsd,gfl
tsd,ghm
tsd,zsr
tsd,zql
tsd,cpt
jch,sgx
jch,lzl
jch,xqx
jch,cmc
sgx,jch
sgx,snx
sgx,bms
sgx,xkq
xqx,jch
xqx,kfm
xqx,cvv
xqx,vkx
dvp,xkx
dvp,cfb
dvp,glj
dvp,qdr
dvp,bgd
cfb,dvp
cfb,pss
cfb,cnr
cfb,drk
glj,dvp
glj,tph
glj,lfl
glj,fxj
qdr,dvp
qdr,qzs
qdr,vxs
qdr,hbp
ckf,mjc
ckf,crd
ckf,rql
ckf,vpz
mjc,ckf
mjc,smp
mjc,fdd
mjc,spk
mjc,dlq
mjc,vpv
mjc,dps
crd,ckf
crd,zcb
crd,vnq
crd,spk
vpz,ckf
vpz,ctz
vpz,rmc
vpz,tbr
hsg,nbr
hsg,hbr
hsg,mbs
hsg,fck
nbr,hsg
nbr,hzz
nbr,csp
nbr,xjt
nbr,gdb
nbr,jtr
hbr,hsg
hbr,szq
hbr,hbp
hbr,jhn
hbr,sds
mbs,hsg
mbs,hlv
mbs,hfh
mbs,bqd
mbs,qgh
mbs,jjx
sqr,gjg
sqr,kgb
sqr,pcs
sqr,jns
sqr,mmk
gjg,sqr
gjg,lkr
gjg,vbg
gjg,jtk
kgb,sqr
kgb,rtd
kgb,jrk
kgb,lmc
pcs,sqr
pcs,gdk
pcs,ksh
pcs,nnj
jns,sqr
jns,gfp
jns,kbk
jns,gcz
nxm,cgl
nxm,lxh
nxm,jkr
nxm,bsj
cgl,nxm
cgl,vjb
cgl,gdk
cgl,hfh
cgl,sxl
lxh,nxm
lxh,hzt
lxh,vzk
lxh,vjq
lxh,hrg
lxh,xxs
hng,sxr
hng,cfd
hng,hlz
hng,zrc
cfd,hng
cfd,mhz
cfd,dqm
cfd,fch
cfd,psh
cfd,xbf
hlz,hng
hlz,fcl
hlz,lnl
hlz,gsp
pdj,phk
pdj,rsz
pdj,slr
pdj,vgr
phk,pdj
phk,blr
phk,fnd
phk,kcp
rsz,pdj
rsz,bpf
rsz,cst
rsz,scj
slr,pdj
slr,pfc
slr,ths
slr,xdd
vgr,pdj
vgr,hbt
vgr,zxl
vgr,cvv
lmj,nvc
lmj,bkh
lmj,stb
lmj,smx
nvc,lmj
nvc,pmc
nvc,jln
nvc,zjb
bkh,lmj
bkh,dfm
bkh,qjc
bkh,pbd
bkh,qmr
bdl,xtl
bdl,hcm
bdl,kgs
bdl,psz
xtl,bdl
xtl,mxn
xtl,psv
xtl,bsz
fnk,vtn
fnk,qnv
fnk,frs
fnk,cxt
vtn,fnk
vtn,rrq
vtn,trc
vtn,bdp
vtn,dcs
vtn,jcs
frs,fnk
frs,ndl
frs,ppj
frs,zdh
frs,cgb
frs,dsx
cxt,fnk
cxt,fvt
cxt,tcp
cxt,lzz
jgb,cxs
jgb,khg
jgb,jtd
jgb,gbh
jgb,bgx
cxs,jgb
cxs,msj
cxs,klk
cxs,mml
nhg,qjf
nhg,mqv
nhg,mhz
nhg,nbv
qjf,nhg
qjf,sts
qjf,clm
qjf,xfb
mqv,nhg
mqv,txn
mqv,zln
mqv,stv
qcs,kbg
qcs,xvd
qcs,kjk
qcs,ghm
kbg,qcs
kbg,kcp
kbg,jpq
kbg,fqp
kbg,lcm
kbg,gfk
kbg,zss
kbg,hfb
kbg,qhv
xvd,qcs
xvd,vhr
xvd,mhc
xvd,dxl
ghm,qcs
ghm,tsd
ghm,sfq
ghm,qxg
mbd,zhs
mbd,rjh
mbd,xkr
mbd,sxb
mbd,jgc
zhs,mbd
zhs,tdf
zhs,cfc
zhs,rmf
rjh,mbd
rjh,lhp
rjh,qkm
rjh,xtv
xkr,mbd
xkr,rxn
xkr,tft
xkr,dcm
sxb,mbd
sxb,txb
sxb,vdz
sxb,zzn
jgc,mbd
jgc,thg
jgc,qdc
jgc,mkn
bnf,fdl
bnf,vzh
bnf,ksr
bnf,vqt
bnf,gxt
tsf,qjj
tsf,dcs
tsf,jxl
tsf,jhr
tsf,qhm
tsf,vlx
qjj,tsf
qjj,bmh
qjj,nfr
qjj,bgh
dcs,tsf
dcs,vtn
dcs,lkj
dcs,cpt
jxl,tsf
jxl,rtd
jxl,hhv
jxl,lrh
jxl,bdd
lln,kvr
lln,dqk
lln,mjs
lln,qsn
lln,fvt
lln,rls
kvr,lln
kvr,hzz
kvr,bfg
kvr,jss
kvr,dbf
kvr,zfn
dqk,lln
dqk,sck
dqk,gxr
dqk,kjd
dqk,tsc
mjs,lln
mjs,zjf
mjs,vsm
mjs,dck
mjs,dtc
lhd,fjm
lhd,kbp
lhd,cng
lhd,qbz
fjm,lhd
fjm,ntz
fjm,hct
fjm,mqs
xzq,vvx
xzq,djs
xzq,cph
xzq,kdp
vvx,xzq
vvx,thg
vvx,qrf
vvx,vhf
cph,xzq
cph,qdc
cph,nth
cph,ksr
cph,hll
ffb,rcm
ffb,vch
ffb,fvt
ffb,nzg
rcm,ffb
rcm,jbh
rcm,zql
rcm,kgt
rcm,bxv
hhc,mjd
hhc,hsh
hhc,nsg
hhc,vcd
hsh,hhc
hsh,pxk
hsh,vbq
hsh,gzs
hbt,szv
hbt,crf
hbt,vgr
hbt,cvt
crf,hbt
crf,qgk
crf,drk
crf,bgx
cvt,hbt
cvt,qzv
cvt,cfj
cvt,vdg
vpd,rmf
vpd,klj
vpd,nxq
vpd,lld
rmf,vpd
rmf,srr
rmf,jfb
rmf,zhs
rmf,zmz
klj,vpd
klj,btx
klj,lcp
klj,zmz
zfr,bmg
zfr,rrs
zfr,cxf
zfr,frn
rrs,zfr
rrs,dnf
rrs,bsb
rrs,tnf
zpt,hnf
zpt,gxc
zpt,bdp
zpt,clq
hnf,zpt
hnf,kqg
hnf,scj
hnf,xqr
gxc,zpt
gxc,rrg
gxc,bxv
gxc,fmt
bdp,zpt
bdp,jgp
bdp,jcv
bdp,vtn
bdp,kcz
clq,zpt
clq,jmg
clq,ngd
clq,sfq
clq,bbk
clq,xkq
jcn,scj
jcn,lcf
jcn,mvf
jcn,zgh
jcn,zql
lcf,jcn
lcf,bqv
lcf,hpj
lcf,smg
mvf,jcn
mvf,jkr
mvf,pzv
mvf,dzv
mvf,hcp
zgh,jcn
zgh,sqz
zgh,gks
zgh,xzs
zql,jcn
zql,flk
zql,tsd
zql,ngm
zql,rcm
zql,sfq
ptt,mnx
ptt,gfq
ptt,szd
ptt,nzg
mnx,ptt
mnx,mvt
mnx,jtn
mnx,dzd
bkz,kcr
bkz,hrn
bkz,qsz
bkz,zjp
kcr,bkz
kcr,mgm
kcr,jhh
kcr,rqg
hrn,bkz
hrn,dxj
hrn,mvt
hrn,ncj
qsz,bkz
qsz,srg
qsz,jck
qsz,xbq
qsz,gfq
zjp,bkz
zjp,vvj
zjp,xzf
zjp,sqx
bpm,kfm
bpm,zml
bpm,ztf
bpm,bzj
kfm,bpm
kfm,xqx
kfm,qxg
kfm,qhv
zml,bpm
zml,mmm
zml,skz
zml,ngg
zml,zfl
ztf,bpm
ztf,jnz
ztf,lnb
ztf,ghl
rmr,hmq
rmr,khm
rmr,ntq
rmr,pxg
hmq,rmr
hmq,ckn
hmq,rlg
hmq,dzs
khm,rmr
khm,llv
khm,rdq
khm,hfz
ntq,rmr
ntq,hcm
ntq,vhf
ntq,sfp
xqz,bfz
xqz,vrz
xqz,kqg
xqz,hvb
szd,pgm
szd,fcf
szd,nht
szd,ptt
szd,gtc
szd,fcr
szd,qrs
pgm,szd
pgm,ksv
pgm,djq
pgm,kms
pgm,fxz
nht,szd
nht,gtc
nht,ztp
nht,lng
gtc,szd
gtc,nht
gtc,fcr
gtc,vbf
hct,lvh
hct,fjm
hct,gkp
hct,vqt
fkr,gtb
fkr,xft
fkr,gvf
fkr,rdq
gvf,fkr
gvf,ntb
gvf,xkv
gvf,cvm
qff,fdr
qff,ftq
qff,ksd
qff,fcb
qff,hjl
qff,gbr
fdr,qff
fdr,jxc
fdr,jhq
fdr,zhz
ftq,qff
ftq,ttx
ftq,jdn
ftq,szq
qzs,qdr
qzs,xkh
qzs,ssn
qzs,gjp
zlk,hdb
zlk,khg
zlk,mfg
zlk,lqs
zlk,lns
lqs,zlk
lqs,hsc
lqs,hlk
lqs,nnl
lqs,ndl
lns,zlk
lns,srh
lns,rzc
lns,jxz
szn,ngq
szn,lck
szn,qmg
szn,jhp
lck,szn
lck,dgr
lck,bfr
lck,hqk
qmg,szn
qmg,zvs
qmg,pfj
qmg,nmr
qmg,mjn
ndn,gbh
ndn,vlq
ndn,hch
ndn,dht
ndn,qcl
ndn,vzk
ndn,kgl
gbh,ndn
gbh,pmm
gbh,rcx
gbh,jgb
vlq,ndn
vlq,xjt
vlq,jjt
vlq,kdl
vzk,ndn
vzk,hxq
vzk,pkv
vzk,lxh
kgl,ndn
kgl,cfj
kgl,pnm
kgl,ncj
mpk,hrj
mpk,kgs
mpk,mbk
mpk,vqq
hrj,mpk
hrj,gml
hrj,sgh
hrj,nrg
nbq,nbz
nbq,tsc
nbq,vmr
nbq,mgd
nbz,nbq
nbz,djx
nbz,glp
nbz,rdc
nbz,gjp
jjx,zxb
jjx,cnr
jjx,mbs
jjx,xmr
zxb,jjx
zxb,gfb
zxb,ggf
zxb,dck
zxb,lrh
zxb,xqr
nrz,zpl
nrz,mtq
nrz,ccv
nrz,nns
mtq,nrz
mtq,nvm
mtq,hnr
mtq,mdb
mtq,nrg
mtq,zkx
mtq,txs
ccv,nrz
ccv,smp
ccv,zln
ccv,lcv
ccv,srr
nns,nrz
nns,zfg
nns,shf
nns,nmr
nns,mtx
sdl,pcm
sdl,xbf
sdl,hxz
sdl,ndb
pcm,sdl
pcm,tcj
pcm,dcm
pcm,mnz
xbf,sdl
xbf,ppf
xbf,pkb
xbf,cfd
xbf,kmr
hxz,sdl
hxz,lnh
hxz,bvm
hxz,ggp
rtd,kgb
rtd,srh
rtd,jxl
rtd,lnd
jpq,xvm
jpq,vgs
jpq,fvt
jpq,rbs
jpq,kbg
xvm,jpq
xvm,ctq
xvm,jhh
xvm,dtv
thq,jgd
thq,tvh
thq,ndp
thq,dgg
jgd,thq
jgd,spc
jgd,lll
jgd,lhc
tvh,thq
tvh,qbr
tvh,mtv
tvh,ncv
ndp,thq
ndp,ddl
ndp,lcl
ndp,txt
ndp,hqf
cxf,zfr
cxf,ggp
cxf,tlj
cxf,stb
ggp,cxf
ggp,hxz
ggp,prv
ggp,smx
lpt,bjd
lpt,cvs
lpt,rhn
lpt,mtp
cvs,lpt
cvs,mjd
cvs,xvp
cvs,shq
tdf,gql
tdf,jfd
tdf,zhs
tdf,xxh
jdx,dvd
jdx,bmn
jdx,nqd
jdx,ttj
bmn,jdx
bmn,srl
bmn,sdv
bmn,flx
bmn,trx
nqd,jdx
nqd,mzd
nqd,gql
nqd,bgv
nqd,rnc
bcp,kvq
bcp,zvh
bcp,qds
bcp,qqp
kvq,bcp
kvq,btx
kvq,vmd
kvq,glv
kvq,mff
kvq,khk
zvh,bcp
zvh,vcf
zvh,mcq
zvh,dkm
qds,bcp
qds,pkd
qds,fdd
qds,sdj
qds,ngq
qds,gvx
qqp,bcp
qqp,rms
qqp,qjc
qqp,rml
sck,djx
sck,knh
sck,rqg
sck,dqk
sck,bfg
sck,ghh
knh,sck
knh,spn
knh,tbm
knh,vsm
bfg,sck
bfg,blr
bfg,kvr
bfg,vbg
vhs,vct
vhs,cvh
vhs,tbl
vhs,hfz
vct,vhs
vct,sfj
vct,zmz
vct,txs
cvh,vhs
cvh,xkv
cvh,bsf
cvh,jbj
tks,sfd
tks,pdg
tks,xzr
tks,ssn
pmd,thj
pmd,qgk
pmd,rqj
pmd,tzm
pmd,gnm
qgk,pmd
qgk,cgb
qgk,crf
qgk,kcz
qgk,txj
qgk,jtm
rqj,pmd
rqj,snx
rqj,jjt
rqj,sjl
rqj,hch
tzm,pmd
tzm,szq
tzm,zsr
tzm,xjd
zss,zjf
zss,sqh
zss,zdb
zss,kbg
zss,vlf
zjf,zss
zjf,mjs
zjf,mlh
zjf,pxh
zdb,zss
zdb,szx
zdb,cjg
zdb,qqj
mhh,qfh
mhh,znq
mhh,kdc
mhh,szl
mhh,ftj
qfh,mhh
qfh,brs
qfh,vlx
qfh,bgh
smf,bgl
smf,ckj
smf,ctq
smf,kcq
bgl,smf
bgl,jsm
bgl,xzf
bgl,prc
ctq,smf
ctq,ddq
ctq,xvm
ctq,fmr
ctq,cdv
ctq,qrx
ctq,bgh
kcq,smf
kcq,nvn
kcq,glp
kcq,gcv
kcq,zxl
fsd,dbh
fsd,blv
fsd,rrn
fsd,jqk
blv,fsd
blv,jpl
blv,mmj
blv,bzx
jqk,fsd
jqk,djr
jqk,rtp
jqk,sgm
fgz,vxz
fgz,shc
fgz,fpt
fgz,brf
cng,lhd
cng,hgx
cng,xtv
cng,jgm
cng,rph
hgx,cng
hgx,clm
hgx,fbx
hgx,bhs
xtv,cng
xtv,txh
xtv,fgk
xtv,rjh
cfz,tmc
cfz,hlk
cfz,lbs
cfz,ffg
cfz,kqd
cfz,xjd
hlk,cfz
hlk,xnh
hlk,pjn
hlk,lqs
hlk,xht
ndb,gqb
ndb,dbn
ndb,sdl
ndb,psz
ndb,fch
gqb,ndb
gqb,fvz
gqb,blk
gqb,pgc
psz,ndb
psz,gql
psz,bhs
psz,bdl
psz,dhd
zfg,nns
zfg,gzs
zfg,lft
zfg,rtv
zfg,lxg
shf,nns
shf,nnc
shf,zjb
shf,cxd
nmr,nns
nmr,vbn
nmr,cfc
nmr,qmg
vgs,xss
vgs,jpq
vgs,cfl
vgs,flk
xss,vgs
xss,qhp
xss,gdb
xss,csm
cfl,vgs
cfl,pss
cfl,sss
cfl,mdk
cfl,dtd
flk,vgs
flk,zql
flk,jhr
flk,vpp
qdz,hcp
qdz,rzc
qdz,rlr
qdz,tmj
hcp,qdz
hcp,qnh
hcp,mvf
hcp,zbg
rzc,qdz
rzc,fdg
rzc,ghj
rzc,lns
rlr,qdz
rlr,ffc
rlr,hjl
rlr,pzl
tmj,qdz
tmj,bvv
tmj,ncj
tmj,hsl
vrm,tht
vrm,hqk
vrm,kbf
vrm,zhg
tht,vrm
tht,bvp
tht,lcl
tht,xzp
tht,brm
lgj,nlb
lgj,bpf
lgj,gcn
lgj,lmc
nlb,lgj
nlb,fzl
nlb,fqp
nlb,hfh
qsn,lln
qsn,brs
qsn,zfc
qsn,gfk
qsn,pzr
brs,qsn
brs,nmm
brs,skz
brs,rsj
brs,qfh
gfk,qsn
gfk,bgg
gfk,zfn
gfk,kbg
gfk,knd
qbz,lhd
qbz,cff
qbz,qdc
qbz,psl
cff,qbz
cff,kkk
cff,zth
cff,mqr
qdc,qbz
qdc,jgc
qdc,hpb
qdc,kfq
qdc,hzq
qdc,cph
tls,qtv
tls,mml
tls,qgt
tls,bgh
tls,kqb
qtv,tls
qtv,dbz
qtv,skz
qtv,szl
fqj,mlx
fqj,svm
fqj,psp
fqj,bdf
fqj,sjs
mlx,fqj
mlx,jfq
mlx,tgp
mlx,ggq
svm,fqj
svm,qhj
svm,mmf
svm,xhz
psp,fqj
psp,hvr
psp,nnc
psp,bnb
bdf,fqj
bdf,ntz
bdf,jln
bdf,bsm
sjs,fqj
sjs,ztg
sjs,tqf
sjs,hfz
lcm,pss
lcm,kjd
lcm,dft
lcm,kbg
xjt,vlq
xjt,kkx
xjt,nbr
xjt,bvv
kkx,xjt
kkx,jzj
kkx,nzp
kkx,glt
ddq,ctq
ddq,qlv
ddq,fxj
ddq,mmc
ddq,jtn
qlv,ddq
qlv,klh
qlv,sqc
qlv,fxz
fxj,ddq
fxj,xds
fxj,glj
fxj,zmf
mmc,ddq
mmc,jkr
mmc,fcb
mmc,pfc
jtn,ddq
jtn,gzz
jtn,llm
jtn,mnx
jtn,vlx
jtn,pvk
jtn,czh
mtn,tgh
mtn,mmb
mtn,gzn
mtn,gnf
mtn,sdh
gzs,zfg
gzs,bmm
gzs,hsh
gzs,kmj
ntz,bdf
ntz,lcl
ntz,fjm
ntz,qkm
lcl,ntz
lcl,ndp
lcl,hxs
lcl,tht
qkm,ntz
qkm,mpg
qkm,xtf
qkm,rjh
fdf,zkx
fdf,vpv
fdf,csk
fdf,pxk
zkx,fdf
zkx,mtq
zkx,bgv
zkx,mqr
csk,fdf
csk,zrr
csk,brm
csk,pnb
csk,chx
kgs,psh
kgs,mpk
kgs,phq
kgs,bdl
kgs,brf
psh,kgs
psh,cfd
psh,jhf
psh,tzz
psh,jrh
phq,kgs
phq,hpb
phq,hvv
phq,qpl
hjh,ffd
hjh,gbr
hjh,pxz
hjh,sfx
ffd,hjh
ffd,znq
ffd,shl
ffd,dzd
gbr,hjh
gbr,nlc
gbr,qqj
gbr,fnd
gbr,qff
pxz,hjh
pxz,nlc
pxz,jmg
pxz,sqs
sfx,hjh
sfx,vrz
sfx,gtf
sfx,qsj
ngm,spn
ngm,srg
ngm,jsl
ngm,zql
ljl,rtp
ljl,mnz
ljl,psl
ljl,kjt
rtp,ljl
rtp,lnl
rtp,gkx
rtp,jqk
mnz,ljl
mnz,nzz
mnz,gsp
mnz,pcm
fqp,jxc
fqp,kbg
fqp,nlb
fqp,rld
jxc,fqp
jxc,fdr
jxc,gpc
jxc,sch
nvm,kbp
nvm,mtq
nvm,zzn
nvm,jgt
zzn,nvm
zzn,dgc
zzn,sxb
zzn,jkx
mgp,zff
mgp,ggz
mgp,zmt
mgp,hcf
mgp,sqn
mgp,znx
zff,mgp
zff,dnf
zff,hzj
zff,stb
zmt,mgp
zmt,mbk
zmt,sdv
zmt,xhz
hcf,mgp
hcf,zsd
hcf,fnj
hcf,xjc
sqn,mgp
sqn,frx
sqn,lnh
sqn,mjd
sqn,lhm
znx,mgp
znx,khk
znx,mmz
znx,xrm
tsv,dgr
tsv,rpv
tsv,tnj
tsv,vzh
tsv,jgm
xjz,dft
xjz,zdh
xjz,cnt
xjz,qgt
zdh,xjz
zdh,jkh
zdh,frs
zdh,jdv
cnt,xjz
cnt,vqj
cnt,qhp
cnt,lrd
cnt,llm
lbs,cfz
lbs,gdr
lbs,tcp
lbs,pmt
lbs,krd
lbs,chc
lbs,bsj
gdr,lbs
gdr,nxn
gdr,bqv
gdr,ksv
gdr,xdd
jhh,xvm
jhh,dsq
jhh,vkx
jhh,kcr
srg,gfg
srg,ngm
srg,qsz
srg,zfn
srg,cmc
gfg,srg
gfg,rlj
gfg,njt
gfg,svt
qrt,nts
qrt,pbg
qrt,zgt
qrt,czb
nts,qrt
nts,brh
nts,cmg
nts,dvh
pbg,qrt
pbg,lpp
pbg,pdf
pbg,nrg
tjq,ggl
tjq,fxd
tjq,cvm
tjq,lfs
ggl,tjq
ggl,vzh
ggl,xxq
ggl,zhg
fxd,tjq
fxd,tkc
fxd,xpt
fxd,xfb
fxd,dkm
fxd,vjz
cvm,tjq
cvm,gvf
cvm,lgr
cvm,ttd
rlx,gbm
rlx,brh
rlx,qmn
rlx,lxt
rlx,lnj
gbm,rlx
gbm,dgg
gbm,dlq
gbm,bsf
brh,rlx
brh,nts
brh,cgd
brh,nth
qmn,rlx
qmn,dgp
qmn,stb
qmn,xvs
qmn,lbf
lxt,rlx
lxt,pfj
lxt,kfj
lxt,bmz
sss,lkr
sss,sjl
sss,xsr
sss,cfl
lkr,sss
lkr,rnf
lkr,gjg
lkr,kql
lkr,mmm
sjl,sss
sjl,snx
sjl,rqj
sjl,ggf
sjl,txr
bxm,lcv
bxm,tjr
bxm,qtx
bxm,qsm
bxm,dzs
tjr,bxm
tjr,cgd
tjr,bqr
tjr,trn
tjr,qll
tjr,ggq
qtx,bxm
qtx,qvg
qtx,jln
qtx,tvz
crk,hzd
crk,xsj
crk,qcl
crk,zqv
hzd,crk
hzd,qsj
hzd,xvj
hzd,fps
xsj,crk
xsj,bmh
xsj,szl
xsj,jnz
bzf,krp
bzf,kns
bzf,fpz
bzf,hfv
krp,bzf
krp,nmp
krp,gnf
krp,sqv
fpz,bzf
fpz,cqr
fpz,csq
fpz,vcg
ddr,ztg
ddr,zhg
ddr,vcd
ddr,mcq
ztg,ddr
ztg,dcn
ztg,sjs
ztg,pxk
zhg,ddr
zhg,qks
zhg,kdg
zhg,ggl
zhg,vrm
mpd,szv
mpd,qnv
mpd,mhm
mpd,jtm
czh,bld
czh,ffg
czh,jtn
czh,ddb
czh,ggx
pxg,hfn
pxg,rmr
pxg,xfn
pxg,khz
xfn,pxg
xfn,bck
xfn,dvz
xfn,mmj
vhf,ntq
vhf,rzx
vhf,qjc
vhf,vvx
vhf,trx
pzl,llm
pzl,nvl
pzl,mvm
pzl,rnb
pzl,rlr
llm,pzl
llm,cnt
llm,jqq
llm,rnd
llm,jtn
llm,dgb
llm,svs
nvl,pzl
nvl,dfn
nvl,nvt
nvl,mtb
mvm,pzl
mvm,mml
mvm,dck
mvm,xnd
thg,hvr
thg,spk
thg,sgf
thg,zcb
thg,vvx
thg,jgc
gkx,hvr
gkx,bsz
gkx,rtp
gkx,qks
nxf,hvr
nxf,fdd
nxf,ksr
nxf,pfx
vsp,zbg
vsp,shz
vsp,znq
vsp,mrf
zbg,vsp
zbg,dnv
zbg,tbm
zbg,hcp
mrf,vsp
mrf,gfb
mrf,lfl
mrf,svs
gmp,hbf
gmp,lmv
gmp,dpg
gmp,ddb
dcq,pqg
dcq,sgh
dcq,pdf
dcq,zrr
dcq,fpt
pqg,dcq
pqg,fvg
pqg,kns
pqg,vzh
sgh,dcq
sgh,fcl
sgh,hrj
sgh,jln
pdf,dcq
pdf,pbg
pdf,vmd
pdf,kzz
zrr,dcq
zrr,csk
zrr,tnh
zrr,cjf
zrr,tgh
fpt,dcq
fpt,vzb
fpt,mns
fpt,lfs
fpt,fgz
nzz,mqr
nzz,dqp
nzz,mnz
nzz,zrc
nzz,clm
mqr,nzz
mqr,trm
mqr,bvm
mqr,cff
mqr,zkx
dqp,nzz
dqp,nxq
dqp,xxq
dqp,brf
zrc,nzz
zrc,hng
zrc,vjk
zrc,rbx
vgp,tbd
vgp,chf
vgp,xcs
vgp,ssv
tbd,vgp
tbd,xlv
tbd,vqh
tbd,kms
tbd,rcx
xcs,vgp
xcs,kjk
xcs,rmg
xcs,xbj
tbm,knh
tbm,ktk
tbm,zbg
tbm,xdd
vxs,qdr
vxs,klh
vxs,hch
vxs,ksd
klh,vxs
klh,ztq
klh,qlv
klh,qqj
klh,kcz
jmg,clq
jmg,tph
jmg,lrr
jmg,pxz
nlf,vnq
nlf,crz
nlf,bvm
nlf,fjz
nlf,gph
vnq,nlf
vnq,nxv
vnq,crd
vnq,qjc
vnq,lgr
vnq,txb
hlv,hdb
hlv,dmm
hlv,qzv
hlv,mbs
hlv,sfl
vbh,hdb
vbh,lnt
vbh,llr
vbh,zhv
vbh,mxp
vbh,cjg
qzv,cvt
qzv,hlv
qzv,pfc
qzv,dgm
ffg,jqq
ffg,cfz
ffg,czh
ffg,bqd
jqq,ffg
jqq,llm
jqq,lsm
jqq,vbf
bqd,ffg
bqd,vfk
bqd,mbs
bqd,tpq
hxg,dvm
hxg,cck
hxg,fgs
hxg,hlp
hxg,qjk
dvm,hxg
dvm,xpv
dvm,ksr
dvm,zxj
dvm,jhp
dvm,khs
fgs,hxg
fgs,zsd
fgs,sfp
fgs,rql
hlp,hxg
hlp,bmg
hlp,qrm
hlp,zsj
hlp,tjz
hlp,rnc
qjk,hxg
qjk,zjm
qjk,nnc
qjk,crz
txt,ndp
txt,vcd
txt,lpp
txt,sfj
txt,hll
hqf,ndp
hqf,gfr
hqf,drx
hqf,crg
nbh,xzf
nbh,qhp
nbh,lnb
nbh,mcd
xzf,nbh
xzf,hsl
xzf,zjp
xzf,djq
xzf,bgl
qhp,nbh
qhp,cnt
qhp,phn
qhp,qpz
qhp,xss
lnb,nbh
lnb,gdc
lnb,fll
lnb,rkg
lnb,ztf
vdz,jhs
vdz,bjd
vdz,qsh
vdz,sxb
vdz,xxq
vdz,zrx
mxn,xtl
mxn,flf
mxn,zfq
mxn,hll
flf,mxn
flf,zcg
flf,lxg
flf,tqj
flf,vcg
zfq,mxn
zfq,rms
zfq,zlp
zfq,lpp
dnf,rrs
dnf,zff
dnf,mjj
dnf,mff
mjj,dnf
mjj,lnl
mjj,gnz
mjj,zjb
mjj,dcm
kmj,znm
kmj,lpd
kmj,gzs
kmj,hvh
jtd,trc
jtd,htf
jtd,hxt
jtd,jgb
htf,jtd
htf,kbk
htf,xds
htf,vlx
xds,prc
xds,vlb
xds,fxj
xds,sbp
xds,htf
prc,xds
prc,vdg
prc,bgl
prc,zhz
vlb,xds
vlb,mlh
vlb,nmb
vlb,zhz
vcf,zvh
vcf,qks
vcf,pgl
vcf,tqj
kgj,xvp
kgj,mmz
kgj,flx
kgj,czj
xvp,kgj
xvp,cvs
xvp,dfm
xvp,gsl
xvp,bjl
mmz,kgj
mmz,fxp
mmz,lbf
mmz,znx
flx,kgj
flx,xcf
flx,cjv
flx,bmn
pcq,hvb
pcq,crs
pcq,srh
pcq,pmt
crs,pcq
crs,jtz
crs,ths
crs,mmq
cjv,rbh
cjv,nth
cjv,vjk
cjv,flx
cjv,bgt
klk,cxs
klk,fmv
klk,hmf
klk,pzr
klk,hxt
tkc,rml
tkc,bmz
tkc,fxd
tkc,gbf
tkc,qks
rml,tkc
rml,jvd
rml,qqp
rml,dxc
rds,srm
rds,fpq
rds,qbr
rds,dhd
fpq,rds
fpq,tfn
fpq,bql
fpq,zhh
dhd,rds
dhd,sgm
dhd,psz
dhd,kqr
mhz,nhg
mhz,xkn
mhz,xmb
mhz,cfd
xmb,mhz
xmb,tpm
xmb,fnj
xmb,xpv
psl,lbl
psl,ljl
psl,qbz
psl,fkt
fkt,psl
fkt,vbq
fkt,gjr
fkt,dgp
zvs,qmg
zvs,lmr
zvs,nvb
zvs,tdr
lmr,zvs
lmr,cfc
lmr,blg
lmr,lbf
kkk,qls
kkk,gkb
kkk,cff
kkk,xlj
kkk,lbf
qls,kkk
qls,cfc
qls,blg
qls,zhh
gkb,kkk
gkb,bhs
gkb,xpt
gkb,slp
gkb,jfq
txn,mnc
txn,szp
txn,mqv
txn,qnm
qnm,txn
qnm,mhr
qnm,jhs
qnm,hzr
fbp,sqz
fbp,blr
fbp,ttx
fbp,xqn
sqz,fbp
sqz,zgh
sqz,knt
sqz,fcb
cgb,qgk
cgb,jsl
cgb,frs
cgb,mgd
dqm,cfd
dqm,gmz
dqm,qkp
dqm,mzd
gmz,dqm
gmz,bvp
gmz,nqc
gmz,pgk
mzd,dqm
mzd,vdh
mzd,nqd
mzd,dvh
mcd,dfd
mcd,nbh
mcd,vcp
mcd,zkk
vcp,mcd
vcp,dsf
vcp,rtk
vcp,sqs
vcp,tgn
zkk,mcd
zkk,fck
zkk,jcs
zkk,nvt
qhm,gdc
qhm,dgb
qhm,tsf
qhm,zfl
qhm,njt
lft,dvd
lft,lgv
lft,jkx
lft,gxk
lft,zfg
gxk,lft
gxk,hms
gxk,hpb
gxk,gml
gxk,xbr
zsd,shq
zsd,fgs
zsd,hcf
zsd,cjf
zsd,xzp
zsd,fxp
shq,zsd
shq,cvs
shq,pdb
shq,hvh
pmm,gbh
pmm,xqr
pmm,gsd
pmm,jgv
xqr,pmm
xqr,hnf
xqr,dmm
xqr,zxb
gsd,pmm
gsd,xzr
gsd,nnl
gsd,rld
jgv,pmm
jgv,kqg
jgv,gmk
jgv,cvc
fvz,gqb
fvz,djf
fvz,fgk
fvz,crg
pgc,gqb
pgc,rpv
pgc,xmp
pgc,pjg
gzn,mtn
gzn,ghr
gzn,chx
gzn,ttj
dcn,ztg
dcn,qll
dcn,rvg
dcn,tmq
qll,dcn
qll,tjr
qll,tnh
qll,vcg
hzz,kvr
hzz,srh
hzz,hjb
hzz,nbr
srh,hzz
srh,pcq
srh,rtd
srh,lns
hjb,hzz
hjb,jtr
hjb,ksf
hjb,qpz
mmm,zml
mmm,xqn
mmm,cfj
mmm,lkr
fvg,pqg
fvg,rvg
fvg,gkp
fvg,fjh
fmr,zfn
fmr,ctq
fmr,sxl
fmr,bgx
zfn,fmr
zfn,kvr
zfn,gfk
zfn,srg
sxl,fmr
sxl,tgc
sxl,kbk
sxl,cgl
spj,bgc
spj,ghj
spj,hxb
spj,njr
spj,gnm
svq,bgc
svq,vhk
svq,mkr
svq,ggf
kgv,bgc
kgv,lrr
kgv,mhm
kgv,qcm
jsl,hhv
jsl,cgb
jsl,ngm
jsl,pvv
jsl,vjb
bhs,psz
bhs,gkb
bhs,hgx
bhs,nbk
rpv,tsv
rpv,pgc
rpv,rvg
rpv,pmc
djf,kqk
djf,fvz
djf,mhr
djf,khr
djf,fcl
mhr,djf
mhr,ksp
mhr,qnm
mhr,tbj
xbq,cvn
xbq,dfn
xbq,mmk
xbq,gxr
xbq,qsz
cvn,xbq
cvn,mhf
cvn,vxq
cvn,kzv
cvn,jbc
gxr,xbq
gxr,qsj
gxr,dqk
gxr,hkv
gjp,nxn
gjp,bzm
gjp,nbz
gjp,jth
gjp,qzs
rvh,nxn
rvh,tgc
rvh,tfx
rvh,mkr
xnh,fdg
xnh,hlk
xnh,ssm
xnh,hsl
frx,sqn
frx,hpv
frx,bgt
frx,smc
lnh,sqn
lnh,hxz
lnh,dhn
lnh,rbx
lnt,vbh
lnt,gnc
lnt,gxx
lnt,tlx
gxx,lnt
gxx,ntj
gxx,bgg
gxx,hzt
mrh,cpt
mrh,bbk
mrh,vvh
mrh,qrb
mrh,szl
mrh,mxp
cpt,mrh
cpt,tsd
cpt,dcs
cpt,mlh
vvh,mrh
vvh,gtl
vvh,xkx
vvh,shp
dbm,qpv
dbm,pxk
dbm,kqk
dbm,cxd
qpv,dbm
qpv,hms
qpv,khk
qpv,tgp
qxf,zlp
qxf,gpr
qxf,tzz
qxf,qjc
qxf,pvm
zlp,qxf
zlp,hxs
zlp,zfq
zlp,pjx
gpr,qxf
gpr,qnd
gpr,mnc
gpr,lll
qjc,qxf
qjc,bkh
qjc,vnq
qjc,vhf
qjc,qqp
pvm,qxf
pvm,dvb
pvm,mxt
pvm,czj
rms,qqp
rms,gcd
rms,zfq
rms,trn
rms,bsb
csm,jsx
csm,xss
csm,hhv
csm,qnh
csm,qxg
djg,rbh
djg,dkm
djg,lhc
djg,hhh
dkm,djg
dkm,cnx
dkm,bnb
dkm,zvh
dkm,qrf
dkm,fxd
bjh,lqh
bjh,tqc
bjh,tqf
bjh,tml
bjh,vng
tqf,bjh
tqf,mgt
tqf,sjs
tqf,jfq
tqf,chx
tqf,stv
vng,bjh
vng,drt
vng,rrc
vng,pkd
qkg,spc
qkg,gkm
qkg,trm
qkg,mkn
gkm,qkg
gkm,drt
gkm,dxc
gkm,tgp
ntj,shz
ntj,gxx
ntj,fmv
ntj,tgn
nvn,kcq
nvn,rcp
nvn,str
nvn,spn
rcp,nvn
rcp,qhl
rcp,hbd
rcp,kjd
nxh,dgs
nxh,mdm
nxh,fml
nxh,lhp
nxh,xlp
dgs,nxh
dgs,xxh
dgs,vxt
dgs,tfn
fml,nxh
fml,lkt
fml,jpl
fml,vjz
lhp,nxh
lhp,trx
lhp,fqz
lhp,rjh
xlp,nxh
xlp,qsm
xlp,ckh
xlp,ghs
jcd,pmr
jcd,ckj
jcd,hbf
jcd,pqv
pmr,jcd
pmr,ghg
pmr,ggx
pmr,kjk
tnj,xvs
tnj,sxc
tnj,pkx
tnj,tsv
xvs,tnj
xvs,pjx
xvs,qmn
xvs,dvz
sxc,tnj
sxc,qxk
sxc,kpn
sxc,npf
fmv,klk
fmv,ntj
fmv,mkr
fmv,nfr
pnm,kgl
pnm,ggb
pnm,fzl
pnm,hpj
ncj,kgl
ncj,crq
ncj,tmj
ncj,hrn
ncj,mmg
kjt,gcd
kjt,bck
kjt,ljl
kjt,snm
zhk,fjz
zhk,lnz
zhk,zth
zhk,cht
vcd,ddr
vcd,lhc
vcd,vxt
vcd,hdz
vcd,txt
vcd,hhc
vcd,tkf
lhc,vcd
lhc,djg
lhc,rhv
lhc,nbk
lhc,csl
lhc,jgd
lhc,ggq
hdz,vcd
hdz,vbq
hdz,rrc
hdz,gdd
tkf,vcd
tkf,fxp
tkf,cck
tkf,bmj
kck,pcc
kck,dxp
kck,hzx
kck,mhm
pcc,kck
pcc,bvv
pcc,qnh
pcc,ngc
pcc,jsm
dxp,kck
dxp,jxz
dxp,sbp
dxp,dht
rcs,dpg
rcs,rqg
rcs,lnk
rcs,xbt
trm,tqc
trm,mqr
trm,qkg
trm,lbl
zrs,rnf
zrs,kpd
zrs,kpr
zrs,kdj
zrs,vkp
rnf,zrs
rnf,lkr
rnf,ghg
rnf,lnd
kpd,zrs
kpd,rrg
kpd,mmq
kpd,qgt
kpr,zrs
kpr,vmz
kpr,hxq
kpr,fcr
kpr,rld
kpr,spn
kpr,ssm
bpr,cjg
bpr,crq
bpr,bld
bpr,jrk
cjg,bpr
cjg,tcp
cjg,zdb
cjg,vbh
cjg,fmt
crq,bpr
crq,fnx
crq,ncj
crq,lkj
xbs,gkz
xbs,dgg
xbs,sgf
xbs,vjz
vjk,zrc
vjk,cjv
vjk,dvd
vjk,jrh
snx,rqj
snx,sgx
snx,sjl
snx,zmf
snx,xxs
zmf,snx
zmf,tcx
zmf,fxj
zmf,qhv
zln,mqv
zln,ccv
zln,ptq
zln,xlx
zln,brj
frn,zfr
frn,kpn
frn,tzn
frn,sdv
frn,xpv
frn,xsc
sdv,frn
sdv,gdd
sdv,bmn
sdv,zmt
sdv,gsk
xpv,frn
xpv,xmb
xpv,dvm
xpv,hms
xsc,frn
xsc,kfq
xsc,gvn
xsc,xjc
xsc,mmj
gnf,zjm
gnf,krp
gnf,mtn
gnf,cbx
gnf,gmj
gsk,rlg
gsk,bmm
gsk,sdv
gsk,ckh
gsk,jfb
jkr,ngd
jkr,mmc
jkr,nxm
jkr,jcv
jkr,chc
jkr,znq
jkr,zbq
jkr,mvf
jkr,msq
ngd,jkr
ngd,clq
ngd,tff
ngd,svs
chc,jkr
chc,rnd
chc,njr
chc,lbs
zbq,jkr
zbq,bzj
zbq,nvx
zbq,tjx
zbq,zfl
msq,jkr
msq,vbg
msq,zfc
msq,htr
jbn,thj
jbn,dtd
jbn,xkx
jbn,dxb
dtd,jbn
dtd,cfl
dtd,qkt
dtd,pbj
dtd,pxh
mbk,cmg
mbk,zmt
mbk,mpk
mbk,glg
mbk,rsv
cmg,mbk
cmg,mqs
cmg,nts
cmg,snc
cmg,xlj
cmg,jgt
glg,mbk
glg,mtp
glg,mmb
glg,trx
rsv,mbk
rsv,vxz
rsv,gjl
rsv,lgv
ptq,hdg
ptq,ftb
ptq,zln
ptq,jpn
rzj,hdg
rzj,btx
rzj,gnr
rzj,kdg
mxt,hdg
mxt,djr
mxt,pvm
mxt,ttd
llv,hdg
llv,khm
llv,qxk
llv,qlh
fzl,hrb
fzl,dqf
fzl,mvt
fzl,pnm
fzl,nlb
qch,hrb
qch,kld
qch,nmm
qch,cnr
ghj,hrb
ghj,rzc
ghj,spj
ghj,hzp
jjc,bql
jjc,xkv
jjc,tbj
jjc,gjr
jjc,rph
bql,jjc
bql,pmc
bql,spc
bql,pkb
bql,fpq
xkv,jjc
xkv,bfr
xkv,gvf
xkv,cvh
tbj,jjc
tbj,gfr
tbj,mhr
tbj,vbn
tbj,lvc
sct,qns
sct,lfb
sct,ktk
sct,kld
lfb,sct
lfb,jks
lfb,bxv
lfb,jck
kld,sct
kld,qch
kld,qnv
kld,xzs
qsm,cjf
qsm,xlp
qsm,zjb
qsm,bxm
qsm,rtv
rtv,qsm
rtv,bck
rtv,qbr
rtv,zfg
rtv,gml
rss,pkv
rss,dsp
rss,rsj
rss,tgn
pkv,rss
pkv,hfk
pkv,ffc
pkv,vzk
xpt,gkb
xpt,bfr
xpt,fxd
xpt,tgh
jck,qsz
jck,vjb
jck,lfb
jck,djn
qxg,kfm
qxg,xmr
qxg,csm
qxg,ghm
gks,zgh
gks,xrn
gks,jkh
gks,jbc
brm,csk
brm,grq
brm,rdg
brm,cdf
brm,tht
brm,zcg
ghh,dzd
ghh,sck
ghh,jks
ghh,ghl
dzd,ghh
dzd,mgm
dzd,pmt
dzd,ffd
dzd,mnx
dzd,mxf
jks,ghh
jks,lfb
jks,fnx
jks,jsg
cqr,fpz
cqr,sxr
cqr,gcd
cqr,txs
cgd,vdh
cgd,tjr
cgd,brh
cgd,crz
fcb,mmc
fcb,lmv
fcb,nlc
fcb,sqz
fcb,qff
pfc,mmc
pfc,qzv
pfc,bfz
pfc,slr
jzj,kkx
jzj,rdx
jzj,bbk
jzj,vmr
cnx,pgl
cnx,kkt
cnx,hxs
cnx,dkm
pgl,cnx
pgl,xgg
pgl,cgp
pgl,vcf
pgl,sds
kkt,cnx
kkt,xrf
kkt,vmd
kkt,crg
hxq,gnc
hxq,vzk
hxq,dxj
hxq,spn
hxq,kpr
ksp,xfb
ksp,rmc
ksp,ghs
ksp,mhr
xfb,ksp
xfb,hrc
xfb,fxd
xfb,qjf
jhf,pxk
jhf,psh
jhf,zsg
jhf,jjm
lvc,pxk
lvc,cmj
lvc,lgt
lvc,tbj
lvc,pjg
vhk,nnl
vhk,svq
vhk,nln
vhk,gvm
nnl,vhk
nnl,hjl
nnl,gsd
nnl,lqs
nnl,sqc
nln,vhk
nln,vpg
nln,htr
nln,drk
hzr,xbr
hzr,khz
hzr,qnm
hzr,czj
drk,crf
drk,nln
drk,zzk
drk,cfb
kzz,drt
kzz,tpm
kzz,zjb
kzz,pdf
ckn,hmq
ckn,nvb
ckn,sgm
ckn,cjm
qsh,vdz
qsh,cmz
qsh,cht
qsh,cxd
cht,qsh
cht,dvb
cht,bkr
cht,zhk
nmp,krp
nmp,gbf
nmp,rpz
nmp,brf
nnc,qjk
nnc,fqz
nnc,shf
nnc,blg
nnc,psp
pvf,svt
pvf,lnk
pvf,mln
pvf,hxb
svt,pvf
svt,sdf
svt,dzv
svt,gfg
lnk,pvf
lnk,qms
lnk,rcs
lnk,lnd
mln,pvf
mln,blt
mln,ddb
mln,tff
hxb,pvf
hxb,mhf
hxb,hsc
hxb,qrx
hxb,spj
hxb,mpq
smp,mjc
smp,ccv
smp,qxk
smp,jbx
smp,dbn
qxk,smp
qxk,szj
qxk,mtp
qxk,llv
qxk,pgk
qxk,sxc
xlj,cgp
xlj,fpj
xlj,kkk
xlj,cmg
fpj,xlj
fpj,kjg
fpj,gtb
fpj,lqf
kmr,pjg
kmr,srm
kmr,cmj
kmr,xbf
kfq,xsc
kfq,ppf
kfq,qdc
kfq,rbx
vhr,xvd
vhr,szq
vhr,trt
vhr,vdk
vdk,vhr
vdk,vpp
vdk,rlj
vdk,pbj
qsj,sfx
qsj,gxr
qsj,hzd
qsj,gcn
cdv,djn
cdv,hqv
cdv,ctq
cdv,rpp
cdv,bgx
djn,cdv
djn,gcv
djn,jck
djn,dht
djn,fnd
djn,vpp
rpp,cdv
rpp,cvc
rpp,qnh
rpp,bbf
jjt,rqj
jjt,vlq
jjt,gvs
jjt,kqd
kqd,jjt
kqd,cfz
kqd,lfl
kqd,xsr
fdd,mjc
fdd,qlh
fdd,nxf
fdd,qds
qlh,fdd
qlh,pld
qlh,llv
qlh,qhz
bqr,tjr
bqr,kth
bqr,sfj
bqr,ttj
bqr,qbk
hfv,bzf
hfv,bxk
hfv,tth
hfv,gfr
bxk,hfv
bxk,qbk
bxk,gvx
bxk,vdc
bxk,tmq
nbk,lhc
nbk,ksl
nbk,mkz
nbk,bhs
jtm,mpd
jtm,blr
jtm,bzg
jtm,qgk
bgg,xcm
bgg,nzg
bgg,gxx
bgg,gfk
bgg,bjt
nzg,bgg
nzg,dfn
nzg,ptt
nzg,ffb
bjt,bgg
bjt,sfq
bjt,vfk
bjt,nxn
bjt,qfg
bjt,pgn
mtx,fnj
mtx,nns
mtx,jfm
mtx,lgv
fnj,mtx
fnj,zqt
fnj,xmb
fnj,hcf
jfm,mtx
jfm,crz
jfm,xhz
jfm,pbd
fck,hsg
fck,vlt
fck,zkk
fck,gnm
vlt,fck
vlt,tvf
vlt,njr
vlt,zxl
mgm,hfk
mgm,dzd
mgm,xzr
mgm,kcr
xzr,mgm
xzr,bpf
xzr,gsd
xzr,tks
xzr,rcx
xzr,sch
ghg,rnf
ghg,bms
ghg,pmr
ghg,jtk
rvg,gcd
rvg,dvh
rvg,dcn
rvg,fvg
rvg,rpv
mhf,rld
mhf,cvn
mhf,hxb
mhf,fsc
rld,mhf
rld,sch
rld,fqp
rld,lgn
rld,kpr
rld,gsd
hzj,zff
hzj,mns
hzj,lgt
hzj,pjx
vpp,vdk
vpp,flk
vpp,scj
vpp,djn
dmm,hlv
dmm,xhp
dmm,gfq
dmm,szx
dmm,xqr
sfl,hlv
sfl,dnp
sfl,jbh
sfl,mlp
xrm,rzx
xrm,fvx
xrm,fbx
xrm,lxg
xrm,znx
jhr,flk
jhr,tsf
jhr,tmc
jhr,xrt
jhr,ljm
xrt,jhr
xrt,mlp
xrt,lsm
xrt,fxz
tkl,lfl
tkl,bbf
tkl,tmx
tkl,sch
vrk,xkn
vrk,tcs
vrk,vdb
vrk,mjn
tcs,vrk
tcs,stc
tcs,kzt
tcs,hhh
tcs,mjn
tcs,vzb
dgg,xbs
dgg,gbm
dgg,xgg
dgg,thq
xgg,dgg
xgg,lhx
xgg,mdb
xgg,pgl
szj,cck
szj,qvg
szj,qxk
szj,txb
szj,czb
ztq,klh
ztq,phn
ztq,dgm
ztq,lfl
qqj,klh
qqj,gbr
qqj,rcl
qqj,zdb
tpm,nxv
tpm,xmb
tpm,kzz
tpm,cmj
nxv,tpm
nxv,vnq
nxv,bnb
nxv,lsc
cmj,tpm
cmj,tjz
cmj,kmr
cmj,qpl
cmj,bsf
cmj,lvc
srr,ccv
srr,ghs
srr,rmf
srr,lpq
ppf,kfq
ppf,ftb
ppf,qbf
ppf,xbf
qbf,ppf
qbf,sfp
qbf,sgf
qbf,xmp
pjx,xvs
pjx,zlp
pjx,vxt
pjx,hzj
vvj,mlh
vvj,xvq
vvj,zjp
vvj,mrd
mlh,vvj
mlh,lgn
mlh,vlb
mlh,cpt
mlh,zjf
mlh,tfz
mrd,vvj
mrd,xtn
mrd,gdk
mrd,jnz
mrd,hpj
grq,lbl
grq,brm
grq,tml
grq,npl
hcs,sqh
hcs,qgh
hcs,zqv
hcs,ggf
hcs,gcn
qgh,hcs
qgh,mbs
qgh,xcm
qgh,xdd
zqv,hcs
zqv,qhl
zqv,lsm
zqv,crk
fvt,ffb
fvt,lln
fvt,jpq
fvt,cxt
spk,thg
spk,mjc
spk,crd
spk,npl
sgf,thg
sgf,xbs
sgf,jcj
sgf,hzq
sgf,qbf
zcb,thg
zcb,crd
zcb,ghr
zcb,czj
crz,qjk
crz,jfm
crz,nlf
crz,cgd
xrf,zgk
xrf,kkt
xrf,jzn
xrf,jbj
trn,tjr
trn,rms
trn,dgc
trn,pfj
trn,cdf
dgc,trn
dgc,mmf
dgc,zzn
dgc,lld
csp,nbr
csp,dbf
csp,zxq
csp,cqm
csp,trt
tcx,zmf
tcx,nss
tcx,jth
tcx,pxh
lkt,nkk
lkt,fml
lkt,rdq
lkt,qvg
mcf,lgn
mcf,vqj
mcf,fmt
mcf,qkt
mtp,zgt
mtp,lpt
mtp,glg
mtp,zrp
mtp,qxk
gcz,jns
gcz,dck
gcz,str
gcz,mpq
bvv,tmj
bvv,xjt
bvv,lzl
bvv,pcc
psv,qrm
psv,pms
psv,lnl
psv,xtl
qrm,psv
qrm,hlp
qrm,kqz
qrm,crg
lnl,psv
lnl,zpl
lnl,rtp
lnl,mjj
lnl,hlz
blt,htr
blt,mln
blt,fvq
blt,vdg
htr,blt
htr,msq
htr,qrs
htr,nln
fvq,blt
fvq,dnp
fvq,xqn
fvq,cnr
qqx,mmb
qqx,bgv
qqx,gmj
qqx,mgt
jhq,fdr
jhq,hzx
jhq,dfd
jhq,xkq
jhq,vcx
qpz,qhp
qpz,fnx
qpz,hjb
qpz,bbf
qpz,knd
bvm,hxz
bvm,bzx
bvm,mqr
bvm,nlf
bvm,fpd
kfg,zsr
kfg,qrx
kfg,tff
kfg,bgx
srq,dnp
srq,ksh
srq,kvz
srq,rbs
dnp,srq
dnp,fvq
dnp,sfl
dnp,zdk
dnp,ckj
bfr,bjf
bfr,xpt
bfr,lck
bfr,xkv
tmq,hrc
tmq,pgx
tmq,dcn
tmq,bxk
bqv,nvt
bqv,gdr
bqv,lcf
bqv,lkj
nvt,bqv
nvt,nvl
nvt,zkk
nvt,rdc
lmv,mpq
lmv,fcb
lmv,gmp
lmv,mgc
mpq,lmv
mpq,gcz
mpq,sqc
mpq,hxb
lhm,sqn
lhm,hfn
lhm,zsh
lhm,sfp
zsh,lhm
zsh,jbx
zsh,lxk
zsh,lfs
sfp,lhm
sfp,fgs
sfp,ntq
sfp,qbf
sfp,lnz
sfp,jjm
sgm,ckn
sgm,jqk
sgm,dhd
sgm,kth
sgm,pms
sgm,npf
qxq,jtz
qxq,vrp
qxq,zdk
qxq,tzf
jtz,qxq
jtz,crs
jtz,njt
jtz,rsn
vrp,qxq
vrp,kcz
vrp,lzl
vrp,nzp
vrp,qkt
tzf,qxq
tzf,rnd
tzf,qrs
tzf,vlx
mtb,nvl
mtb,shz
mtb,ths
mtb,gzz
lsm,jqq
lsm,zqv
lsm,stm
lsm,xrt
lsm,xfv
xqn,fvq
xqn,fbp
xqn,mmm
xqn,hzp
jjm,dlq
jjm,zcg
jjm,sfp
jjm,jhf
pbd,dlq
pbd,bkh
pbd,jfm
pbd,mkz
pbd,tvz
zcg,jjm
zcg,jfq
zcg,flf
zcg,brm
bvp,lqh
bvp,xzp
bvp,tht
bvp,gmz
pld,bsb
pld,qlh
pld,vfr
pld,smx
bsb,pld
bsb,rms
bsb,rrs
bsb,gxt
vfr,pld
vfr,nhf
vfr,ttd
vfr,qfs
smx,pld
smx,jpl
smx,lmj
smx,ggp
smx,lqh
kvd,rmg
kvd,dsf
kvd,qnv
kvd,lmc
kvd,lbr
rmg,kvd
rmg,xcs
rmg,ljm
rmg,hfk
rmg,xht
dsf,kvd
dsf,vcp
dsf,rrq
dsf,csb
lmc,kvd
lmc,kgb
lmc,dsq
lmc,bzp
lmc,lgj
lbr,kvd
lbr,ppj
lbr,jrk
lbr,jtk
msf,bgm
msf,dxl
msf,xgv
msf,jrk
bgm,msf
bgm,pqv
bgm,kfb
bgm,mgc
bgm,fcr
xgv,msf
xgv,pzr
xgv,bzg
xgv,xbj
xvj,hzd
xvj,knd
xvj,tcp
xvj,bxv
knd,xvj
knd,kct
knd,qpz
knd,gfk
tcp,xvj
tcp,lbs
tcp,vmz
tcp,cjg
tcp,cxt
bxv,xvj
bxv,hmf
bxv,rcm
bxv,gxc
bxv,lfb
fxp,gtb
fxp,mmz
fxp,zsd
fxp,tkf
fvx,bjk
fvx,fjz
fvx,bmg
fvx,xrm
sts,bjk
sts,qjf
sts,xpm
sts,khr
dhn,bjk
dhn,ckh
dhn,lnh
dhn,sjm
dhn,sqv
zzk,dtc
zzk,nlv
zzk,qms
zzk,drk
dtc,zzk
dtc,mjs
dtc,zhv
dtc,jdn
vqq,sjm
vqq,mpk
vqq,vdh
vqq,ksl
vqq,nqc
sjm,vqq
sjm,dbh
sjm,dhn
sjm,rnc
xkh,bzp
xkh,qzs
xkh,tfx
xkh,rcr
tfx,xkh
tfx,rbs
tfx,tpq
tfx,rvh
dbf,csp
dbf,rqh
dbf,kvr
dbf,ghk
zxq,csp
zxq,rrx
zxq,ghk
zxq,qhl
zxq,vxq
pfj,trn
pfj,lxt
pfj,stc
pfj,qmg
pfj,cjm
stc,pfj
stc,tcs
stc,plb
stc,lnz
vsm,kct
vsm,knh
vsm,mjs
vsm,kzv
kct,vsm
kct,rqh
kct,qnh
kct,knd
ggx,jbc
ggx,cnr
ggx,pmr
ggx,ndl
ggx,czh
zxn,ghs
zxn,lqf
zxn,djs
zxn,nbv
ghs,zxn
ghs,srr
ghs,tbr
ghs,ksp
ghs,vdl
ghs,xlp
lqf,zxn
lqf,fpj
lqf,lhx
lqf,smc
hnr,mtq
hnr,gjr
hnr,pdb
hnr,srl
hnr,lbl
nrg,mtq
nrg,pbg
nrg,mdm
nrg,hrj
bpf,mgd
bpf,xzr
bpf,lgj
bpf,rsz
bpf,sqh
mgd,bpf
mgd,dsp
mgd,nbq
mgd,cgb
mgd,dgb
mgd,jdh
mgt,tqf
mgt,ljs
mgt,kjg
mgt,qqx
trx,lhp
trx,glg
trx,bmn
trx,vhf
fqz,lhp
fqz,pmc
fqz,vzb
fqz,nnc
lpp,pbg
lpp,zxj
lpp,zfq
lpp,txt
zxj,lpp
zxj,jhs
zxj,dvm
zxj,mkz
hpv,bck
hpv,glv
hpv,frx
hpv,njm
mhc,hsl
mhc,jdh
mhc,gpc
mhc,xvd
gpc,mhc
gpc,xcm
gpc,dzv
gpc,jxc
xtn,tjx
xtn,mrd
xtn,hkk
xtn,szc
tjx,xtn
tjx,vpg
tjx,kvz
tjx,zbq
szc,xtn
szc,bfz
szc,sqx
szc,cvv
vbn,nmr
vbn,csq
vbn,lcv
vbn,tbj
fcl,fnh
fcl,hlz
fcl,djf
fcl,hcm
fcl,sgh
kgt,pzv
kgt,rlj
kgt,rcm
kgt,bnh
pmc,nvc
pmc,pkd
pmc,rpv
pmc,bql
pmc,fqz
pkd,pmc
pkd,vng
pkd,qds
pkd,gkz
hzq,qdc
hzq,djr
hzq,sgf
hzq,xlx
srl,bmn
srl,czb
srl,tth
srl,hnr
zth,cff
zth,kbf
zth,zhk
zth,lnj
ctz,vpz
ctz,gnz
ctz,tnh
ctz,tdr
gnz,ctz
gnz,mjj
gnz,ghr
gnz,drx
tnh,ctz
tnh,qll
tnh,zrr
tnh,gqc
hsc,hxb
hsc,dqf
hsc,lqs
hsc,vch
dqf,hsc
dqf,fzl
dqf,cbx
dqf,tff
kfb,bgm
kfb,sfq
kfb,vcx
kfb,zxl
gbf,nmp
gbf,tkc
gbf,ckh
gbf,rbr
dxj,hrn
dxj,pzv
dxj,hxq
dxj,sch
rrg,kpd
rrg,gxc
rrg,rkg
rrg,mxr
mmq,kpd
mmq,crs
mmq,jdv
mmq,jcs
njt,jtz
njt,gfg
njt,pjn
njt,vjq
njt,qhm
qrb,bxf
qrb,mrh
qrb,lrd
qrb,qns
qrb,ztp
hqk,vrm
hqk,lxg
hqk,hvh
hqk,lck
lxg,hqk
lxg,zfg
lxg,xrm
lxg,flf
lxg,jfd
hvh,hqk
hvh,kdg
hvh,shq
hvh,kmj
cfc,lmr
cfc,zhs
cfc,qls
cfc,nmr
dzv,mvf
dzv,dfn
dzv,gpc
dzv,cqm
dzv,svt
vkx,mvt
vkx,hbd
vkx,vqh
vkx,xqx
vkx,jhh
vkx,sxv
jln,bdf
jln,qtx
jln,ttd
jln,nvc
jln,sgh
jln,rxn
jln,smc
ttd,jln
ttd,vfr
ttd,dvz
ttd,mxt
ttd,cvm
ttd,rql
gsp,bck
gsp,lxk
gsp,hlz
gsp,mnz
ncd,xbj
ncd,jdn
ncd,dgm
ncd,qhv
xbj,ncd
xbj,xcs
xbj,qnh
xbj,ngc
xbj,xgv
clm,hgx
clm,qjf
clm,kqr
clm,nzz
kqr,clm
kqr,dhd
kqr,frf
kqr,dps
kqr,pfx
tgp,tth
tgp,mlx
tgp,qpv
tgp,gkm
qvr,tth
qvr,jpl
qvr,szp
qvr,xft
bgt,tth
bgt,btx
bgt,frx
bgt,cjv
bgt,gqc
bgt,tzn
rrc,hdz
rrc,zsj
rrc,vng
rrc,kns
rrc,kzt
rrc,fbx
dfm,bkh
dfm,zgm
dfm,xvp
dfm,zrx
dfm,ljs
zgm,dfm
zgm,gfr
zgm,rdg
zgm,rph
tvf,cfj
tvf,hpj
tvf,vlt
tvf,msj
hpj,tvf
hpj,lcf
hpj,ksd
hpj,hfh
hpj,pnm
hpj,mrd
cvc,rpp
cvc,nlc
cvc,ffc
cvc,jgv
mqs,cmg
mqs,jft
mqs,dcm
mqs,npf
mqs,fjm
snc,cmg
snc,gph
snc,zqt
snc,xlx
tjz,khs
tjz,hlp
tjz,cmj
tjz,znm
jbh,sfl
jbh,zhv
jbh,rcm
jbh,bzg
jbh,ffc
zhv,jbh
zhv,vbh
zhv,jhn
zhv,dtc
qms,zfm
qms,zzk
qms,gtl
qms,xdm
qms,lnk
zfm,qms
zfm,xhp
zfm,ffc
zfm,hrg
kjd,dqk
kjd,djq
kjd,lcm
kjd,jss
kjd,xmr
kjd,rcp
djq,kjd
djq,xzf
djq,fsc
djq,pgm
vqh,tbd
vqh,jvr
vqh,ksv
vqh,vkx
jvr,vqh
jvr,ksf
jvr,dsq
jvr,jnz
ksf,jvr
ksf,jkh
ksf,hjb
ksf,tmf
dsq,jvr
dsq,jhh
dsq,rrq
dsq,lmc
rcr,xkh
rcr,xnd
rcr,hzt
rcr,ffc
kcc,dnv
kcc,jsx
kcc,pgn
kcc,tsc
kcc,vlx
dnv,kcc
dnv,zbg
dnv,rqh
dnv,jsg
gfr,tbj
gfr,qnd
gfr,hqf
gfr,hfv
gfr,zgm
tbl,lpq
tbl,czn
tbl,mns
tbl,vhs
lpq,tbl
lpq,xtf
lpq,srr
lpq,hvv
czn,tbl
czn,gsl
czn,njm
czn,zhh
mns,tbl
mns,hzj
mns,qrf
mns,fpt
vmn,kql
vmn,rbs
vmn,ttk
vmn,qkt
mcq,jgt
mcq,ddr
mcq,zvh
mcq,cmz
mcq,chx
bdj,dfd
bdj,gfb
bdj,jsm
bdj,nmb
jsm,bdj
jsm,zzl
jsm,pcc
jsm,bgl
rqh,pbj
rqh,kct
rqh,dnv
rqh,dbf
rqh,vkp
pbj,rqh
pbj,vdk
pbj,txr
pbj,dtd
mml,tls
mml,mvm
mml,cxs
mml,fdg
mml,sbp
csq,fpz
csq,vbn
csq,gcd
csq,mdb
txh,dbh
txh,xtv
txh,dgp
txh,shc
txh,vqt
txh,lfs
tlj,cxf
tlj,rxt
tlj,zvb
tlj,jbj
rxt,tlj
rxt,nth
rxt,blg
rxt,gnr
rxt,kqz
kqq,jfq
kqq,nsk
kqq,jpl
kqq,gkp
rdg,zgm
rdg,bkr
rdg,brm
rdg,jcj
jcj,rdg
jcj,sgf
jcj,pkb
jcj,qvg
jcj,dxc
gjr,hvr
gjr,fkt
gjr,jjc
gjr,bcb
gjr,hnr
dgp,fkt
dgp,txh
dgp,qmn
dgp,jpn
dgp,ljs
qpl,cmj
qpl,phq
qpl,vzb
qpl,lfs
pdb,vmd
pdb,prv
pdb,hnr
pdb,shq
pdb,msv
vmd,pdb
vmd,pdf
vmd,kvq
vmd,kkt
prv,pdb
prv,ggp
prv,kjg
prv,vdc
prv,sqv
frf,xmp
frf,plb
frf,jpn
frf,kqr
xmp,frf
xmp,jft
xmp,qbf
xmp,pgc
xmp,lcp
lnz,zhk
lnz,stc
lnz,sfp
lnz,lcp
cjm,ksl
cjm,ckn
cjm,ngq
cjm,pfj
rrx,zxq
rrx,jdv
rrx,tgn
rrx,kdj
jdv,rrx
jdv,mmq
jdv,zdh
jdv,cmc
tgn,rrx
tgn,dvv
tgn,vcp
tgn,ntj
tgn,rss
gsl,xvp
gsl,cbx
gsl,czn
gsl,lgt
lgt,gsl
lgt,lvc
lgt,pfx
lgt,hzj
plb,stc
plb,tdr
plb,srm
plb,frf
mdk,pvv
mdk,zzl
mdk,cfl
mdk,fdg
gvn,xsc
gvn,rzx
gvn,lnj
gvn,xvf
rkg,rrg
rkg,nlh
rkg,lnb
rkg,jgp
rkg,xrn
mmf,dgc
mmf,rlg
mmf,svm
mmf,ssp
blr,phk
blr,bfg
blr,fbp
blr,jtm
jtr,vjb
jtr,nbr
jtr,pvk
jtr,pzv
jtr,hjb
vjb,jtr
vjb,cgl
vjb,jsl
vjb,jck
vjb,pqj
fch,pjg
fch,ndb
fch,gkz
fch,cfd
sfj,vct
sfj,vdb
sfj,bqr
sfj,txt
dvb,gpb
dvb,cht
dvb,pvm
dvb,jbx
rcx,xzr
rcx,xjd
rcx,tbd
rcx,gbh
rcx,xbt
xjd,rcx
xjd,lrd
xjd,cfz
xjd,tzm
xbt,rcx
xbt,dvv
xbt,rcs
xbt,zhz
cdf,trn
cdf,xzp
cdf,drt
cdf,brm
qfs,kdp
qfs,vfr
qfs,lnj
qfs,dps
zxl,vgr
zxl,vlt
zxl,ssm
zxl,kcq
zxl,kfb
zxl,vbg
qrx,ctq
qrx,kfg
qrx,hxb
qrx,gdk
lsc,nxv
lsc,msv
lsc,fpd
lsc,vqt
lsc,rpz
xjc,rpz
xjc,cbx
xjc,xsc
xjc,hcf
mgc,bgm
mgc,lmv
mgc,shz
mgc,jtk
fps,hzd
fps,pmt
fps,kqg
fps,bnh
fps,fmz
kdc,vrz
kdc,nmm
kdc,mhh
kdc,krd
nmm,kdc
nmm,brs
nmm,nvx
nmm,qch
nmm,vkp
nlc,fcb
nlc,cvc
nlc,gbr
nlc,pxz
nlc,thj
shl,trc
shl,vjq
shl,gfp
shl,ffd
vjq,shl
vjq,lxh
vjq,ghk
vjq,njt
ths,slr
ths,ssn
ths,crs
ths,mtb
kdj,msr
kdj,zrs
kdj,rrx
kdj,ttx
gdd,sdv
gdd,glv
gdd,pnb
gdd,hdz
gdd,ljs
fnx,szx
fnx,qpz
fnx,crq
fnx,jks
fnx,hkv
szx,fnx
szx,rdx
szx,zdb
szx,dmm
bdd,rkb
bdd,jxl
bdd,kdl
bdd,tgc
bdd,cdb
kbf,zth
kbf,gpb
kbf,vrm
kbf,czj
nth,rxt
nth,cph
nth,cjv
nth,brh
nth,xkn
qnh,csm
qnh,rpp
qnh,pcc
qnh,sdf
qnh,xbj
qnh,kct
qnh,hcp
sdf,qnh
sdf,svt
sdf,hfb
sdf,kqb
hbp,zfl
hbp,qdr
hbp,hbr
hbp,fmz
mtv,hcm
mtv,tvh
mtv,khz
mtv,zjm
mtv,npl
svs,mrf
svs,llm
svs,ngd
svs,xkx
svs,nlh
jss,kvr
jss,rqg
jss,kjd
jss,rdc
tdr,zvs
tdr,plb
tdr,shx
tdr,gjl
tdr,ctz
shx,tdr
shx,zrx
shx,hms
shx,vsj
vzh,tsv
vzh,ggl
vzh,pqg
vzh,bnf
jkh,ksf
jkh,phn
jkh,zdh
jkh,gks
pzr,qsn
pzr,xsr
pzr,klk
pzr,xgv
pzr,dsx
xsr,pzr
xsr,sss
xsr,kqd
xsr,msx
xsr,hkk
xsr,bzj
dsx,pzr
dsx,frs
dsx,szl
dsx,cst
jgm,tnf
jgm,cng
jgm,jkx
jgm,tsv
bgv,tsb
bgv,zkx
bgv,nqd
bgv,qqx
tsb,bgv
tsb,gph
tsb,drx
tsb,zsg
rnd,chc
rnd,lrh
rnd,tzf
rnd,ggf
rnd,llm
lrh,rnd
lrh,zxb
lrh,jxl
lrh,glp
ggf,rnd
ggf,kdl
ggf,svq
ggf,gdc
ggf,hcs
ggf,sjl
ggf,zxb
ggf,ztp
ggf,dsp
hfb,rnb
hfb,nvx
hfb,sdf
hfb,kbg
rlj,kgt
rlj,gfg
rlj,vdk
rlj,krd
btx,kvq
btx,klj
btx,rzj
btx,bgt
rrq,bzj
rrq,dsq
rrq,dsf
rrq,vtn
nzp,lbm
nzp,sms
nzp,kkx
nzp,vrp
ckh,gsk
ckh,xlp
ckh,kmc
ckh,gbf
ckh,dhn
zvb,mkn
zvb,bcb
zvb,tlj
zvb,ddl
mkn,zvb
mkn,jgc
mkn,vpv
mkn,qkg
mkn,sxr
mkn,mjd
kzt,czb
kzt,drt
kzt,tcs
kzt,rrc
ghk,zxq
ghk,dbf
ghk,vjq
ghk,vlf
jrk,lbr
jrk,bpr
jrk,thc
jrk,msf
jrk,kgb
jrk,rkb
jtk,lbr
jtk,ghg
jtk,mgc
jtk,gjg
ndl,frs
ndl,cmc
ndl,lqs
ndl,ggx
ksr,cph
ksr,dvm
ksr,nxf
ksr,bnf
jfb,qhj
jfb,gsk
jfb,rmf
jfb,xlx
bzg,jbh
bzg,gvm
bzg,xgv
bzg,jtm
glp,nbz
glp,kcq
glp,lrh
glp,fsc
jft,mqs
jft,xmp
jft,fdl
jft,jpl
bzm,xdd
bzm,gjp
bzm,hvb
bzm,gvs
xdd,bzm
xdd,qgh
xdd,slr
xdd,tbm
xdd,gdr
glv,kvq
glv,hpv
glv,gdd
glv,fbc
xmr,cnr
xmr,rtk
xmr,qxg
xmr,kjd
xmr,jjx
xmr,kqb
rtk,vcp
rtk,mfg
rtk,xmr
rtk,rsn
lgr,vnq
lgr,cvm
lgr,nbv
lgr,tzz
ddb,mln
ddb,gmp
ddb,vmr
ddb,czh
ghr,gzn
ghr,gnz
ghr,zcb
ghr,vsj
vsj,ghr
vsj,drx
vsj,shx
vsj,gqc
vsj,njm
sbp,xds
sbp,mml
sbp,phn
sbp,dxp
gph,tsb
gph,gtb
gph,snc
gph,nlf
xhp,dmm
xhp,zfm
xhp,llr
xhp,hfk
xhp,ffc
llr,xhp
llr,pqq
llr,kzp
llr,vbh
kqz,qhz
kqz,bsm
kqz,qrm
kqz,dzs
kqz,rxt
pjn,njt
pjn,bms
pjn,hlk
pjn,txj
sqv,dhn
sqv,krp
sqv,prv
sqv,mpg
vfk,mkr
vfk,bqd
vfk,bjt
vfk,lzz
xzs,kld
xzs,zmm
xzs,zgh
xzs,qkq
xzs,hzp
sqx,trt
sqx,tmx
sqx,szc
sqx,zjp
qhl,bgd
qhl,kft
qhl,zqv
qhl,rcp
qhl,zxq
bgd,qhl
bgd,dvp
bgd,mxr
bgd,lnd
kft,qhl
kft,xnd
kft,bbf
kft,hkv
fcr,gtc
fcr,kpr
fcr,bgm
fcr,szd
jcs,vtn
jcs,mmq
jcs,rkb
jcs,zkk
rxn,jln
rxn,xkr
rxn,pgx
rxn,snm
tmf,ksf
tmf,nmb
tmf,hkv
tmf,rdx
nmb,tmf
nmb,bdj
nmb,vlb
nmb,lbm
hkv,tmf
hkv,fnx
hkv,kft
hkv,gxr
tsc,nbq
tsc,zmm
tsc,kcc
tsc,dqk
tsc,ljm
ljm,tsc
ljm,xdm
ljm,rmg
ljm,jhr
blg,nnc
blg,lmr
blg,rxt
blg,qls
njr,spj
njr,vlt
njr,chc
njr,fdg
szl,qtv
szl,mrh
szl,xsj
szl,dsx
szl,nnj
szl,mhh
nnj,szl
nnj,pcs
nnj,lzz
nnj,hrg
kdl,ggf
kdl,vlq
kdl,lbm
kdl,bdd
glt,mhd
glt,kkx
glt,dsp
glt,hjl
bbf,qpz
bbf,tkl
bbf,rpp
bbf,ggb
bbf,kft
ggb,bbf
ggb,pnm
ggb,cdb
ggb,dbz
ggb,sqc
ncv,tvh
ncv,gmj
ncv,xpm
ncv,kfj
bsm,qnd
bsm,kqz
bsm,bdf
bsm,npl
kcz,bdp
kcz,vrp
kcz,qgk
kcz,klh
gzz,jtn
gzz,tpq
gzz,txj
gzz,mtb
tft,xkr
tft,bsz
tft,cbx
tft,kth
mff,dnf
mff,xcf
mff,gnr
mff,kvq
mff,tcj
mff,msd
xcf,mff
xcf,kkv
xcf,bsz
xcf,flx
xcf,bkr
gnr,mff
gnr,rzj
gnr,jhp
gnr,rxt
fll,nfb
fll,lnb
fll,xnd
fll,rdc
nfb,fll
nfb,dxb
nfb,bms
nfb,fxz
rdc,fll
rdc,nvt
rdc,nbz
rdc,jss
kqg,hnf
kqg,dvv
kqg,jgv
kqg,xqz
kqg,fps
xhz,svm
xhz,jfm
xhz,fnh
xhz,zmt
hfh,mbs
hfh,nlb
hfh,cgl
hfh,hpj
qrf,mns
qrf,cmz
qrf,dkm
qrf,vvx
xxq,lpd
xxq,vdz
xxq,ggl
xxq,zsg
xxq,dqp
lpd,xxq
lpd,smc
lpd,vxz
lpd,kmj
zsg,xxq
zsg,jhf
zsg,pgx
zsg,tsb
gdk,cgl
gdk,pcs
gdk,qrx
gdk,mrd
tfn,spc
tfn,blk
tfn,dgs
tfn,fpq
jsg,dnv
jsg,jks
jsg,tmc
jsg,qgt
vbg,msq
vbg,bfg
vbg,gjg
vbg,zxl
tbr,ghs
tbr,bjd
tbr,vpz
tbr,nkk
vxq,zxq
vxq,cvn
vxq,hrb
vxq,gpp
dvv,kcp
dvv,kqg
dvv,tgn
dvv,xbt
rbs,srq
rbs,vmn
rbs,tfz
rbs,jpq
rbs,tpq
rbs,tfx
tff,dqf
tff,gtf
tff,ngd
tff,kfg
tff,mln
qks,zhg
qks,gkx
qks,tkc
qks,vcf
pqq,llr
pqq,gtl
pqq,vmr
pqq,mxf
hhh,lvh
hhh,tcs
hhh,djg
hhh,khk
khk,hhh
khk,qpv
khk,bjn
khk,znx
khk,kvq
tmx,sqx
tmx,tpq
tmx,tkl
tmx,cst
chx,csk
chx,gzn
chx,mcq
chx,tqf
jpl,fml
jpl,jft
jpl,smx
jpl,qvr
jpl,kqq
jpl,blv
fbx,rrc
fbx,mdb
fbx,xrm
fbx,hgx
dgm,qzv
dgm,ncd
dgm,ztq
dgm,mxp
vdg,cvt
vdg,blt
vdg,mlp
vdg,prc
mlp,vdg
mlp,mhd
mlp,xrt
mlp,sfl
pgk,nsg
pgk,qxk
pgk,gmz
pgk,dcm
nss,hxt
nss,tcx
nss,fmz
nss,ssn
fmz,nss
fmz,qhv
fmz,hbp
fmz,fps
pmt,lbs
pmt,fps
pmt,pcq
pmt,dzd
pmt,ksd
ttj,tgh
ttj,jdx
ttj,bqr
ttj,gzn
dxb,nfb
dxb,jbn
dxb,cfj
dxb,str
pkb,bql
pkb,xbf
pkb,jcj
pkb,jrh
dck,zxb
dck,mjs
dck,mvm
dck,gcz
jth,tcx
jth,rnb
jth,hbd
jth,gjp
bms,sgx
bms,ghg
bms,nfb
bms,pjn
bms,qhv
kdg,rzj
kdg,zhg
kdg,hvh
kdg,kkv
kkv,kdg
kkv,gkz
kkv,bsz
kkv,xcf
mmj,blv
mmj,gxt
mmj,xfn
mmj,xsc
ksd,hpj
ksd,qff
ksd,pmt
ksd,xdm
ksd,vxs
ksd,lng
ztp,qrb
ztp,qfl
ztp,ggf
ztp,nht
mjn,tcs
mjn,vrk
mjn,rbr
mjn,qmg
gkp,fvg
gkp,hrc
gkp,hct
gkp,kqq
gkp,nmz
hms,shx
hms,gxk
hms,qpv
hms,xpv
mkz,nbk
mkz,pbd
mkz,zxj
mkz,zjm
lkj,crq
lkj,jqs
lkj,bqv
lkj,dcs
nlh,jdh
nlh,lfl
nlh,rkg
nlh,svs
nqc,gmz
nqc,dzs
nqc,vqq
nqc,jgt
mxr,bgd
mxr,rrg
mxr,cst
mxr,stm
cst,mxr
cst,rsz
cst,tmx
cst,dsx
sch,rld
sch,tkl
sch,xzr
sch,dxj
sch,jxc
sch,bsj
rbr,mjn
rbr,gbf
rbr,ntb
rbr,fbc
qrs,htr
qrs,tzf
qrs,szd
qrs,kzv
rnc,hlp
rnc,hfz
rnc,nqd
rnc,sjm
hfz,rnc
hfz,sjs
hfz,khm
hfz,vhs
hzt,hch
hzt,rcr
hzt,gxx
hzt,lxh
dcm,xkr
dcm,pcm
dcm,mjj
dcm,mqs
dcm,pgk
dxc,gkm
dxc,jcj
dxc,pms
dxc,rml
gqc,tnh
gqc,vsj
gqc,brj
gqc,bgt
tgc,sxl
tgc,ttk
tgc,rvh
tgc,bdd
brf,shc
brf,fgz
brf,dqp
brf,nmp
brf,kgs
lfs,zsh
lfs,fpt
lfs,tjq
lfs,txh
lfs,qpl
nfr,khf
nfr,qjj
nfr,msx
nfr,fmv
qbk,bqr
qbk,bxk
qbk,xvf
qbk,bmj
nbv,czz
nbv,zxn
nbv,nhg
nbv,lcp
nbv,lgr
lcp,nbv
lcp,klj
lcp,pkx
lcp,xmp
lcp,xvf
lcp,lnz
ftj,msx
ftj,mhh
ftj,vrz
ftj,smg
fgk,qmr
fgk,bmg
fgk,fvz
fgk,xtv
fgk,sdh
mxp,vbh
mxp,dgm
mxp,sfd
mxp,mrh
vpg,tjx
vpg,lnd
vpg,nln
vpg,cvv
lzz,vfk
lzz,hfk
lzz,nnj
lzz,cxt
qgt,kpd
qgt,xjz
qgt,jsg
qgt,tls
dsp,mgd
dsp,dpg
dsp,ggf
dsp,rss
dsp,glt
jpn,ptq
jpn,frf
jpn,dgp
jpn,qnd
lbf,kkk
lbf,qmn
lbf,hvr
lbf,lmr
lbf,mmz
bnh,kgt
bnh,fps
bnh,vcx
bnh,thj
vcx,bnh
vcx,jhq
vcx,jqs
vcx,kfb
rsj,rss
rsj,brs
rsj,lrr
rsj,sxv
lnd,vpg
lnd,bgd
lnd,rtd
lnd,lnk
lnd,rnf
lnd,zzl
zzl,lnd
zzl,jsm
zzl,mdk
zzl,sqs
rbx,zrc
rbx,bck
rbx,lnh
rbx,kfq
njm,lll
njm,czn
njm,hpv
njm,vsj
fsc,ttk
fsc,scj
fsc,djq
fsc,glp
fsc,mhf
ttk,fsc
ttk,vmn
ttk,ktk
ttk,tgc
gvx,czz
gvx,ngq
gvx,qds
gvx,bxk
dvz,xvs
dvz,ttd
dvz,ggz
dvz,xfn
rdq,hrc
rdq,khm
rdq,fkr
rdq,lkt
vkp,qfl
vkp,nmm
vkp,zrs
vkp,rqh
ffc,rcr
ffc,cvc
ffc,jbh
ffc,rlr
ffc,pkv
ffc,xhp
ffc,zfm
vjz,fml
vjz,xbs
vjz,fnh
vjz,fxd
msv,lsc
msv,cgp
msv,pdb
msv,cbx
ngc,pcc
ngc,xbj
ngc,hjl
ngc,vmr
bsf,pjp
bsf,cvh
bsf,gbm
bsf,cmj
fmt,cjg
fmt,mcf
fmt,gxc
fmt,xht
jnz,jvr
jnz,xsj
jnz,ztf
jnz,mrd
qkq,xzs
qkq,qpp
qkq,kqb
qkq,tpq
kqb,qkq
kqb,xmr
kqb,sdf
kqb,tls
ggq,tjr
ggq,lhc
ggq,mlx
ggq,vcg
vcg,ggq
vcg,qll
vcg,flf
vcg,fpz
vdc,csl
vdc,lvh
vdc,prv
vdc,bxk
fpd,nsg
fpd,lsc
fpd,khz
fpd,bvm
dzs,hmq
dzs,nqc
dzs,kqz
dzs,bxm
dzs,txs
ksv,phm
ksv,vqh
ksv,pgm
ksv,gdr
qhv,zmf
qhv,bms
qhv,ckj
qhv,ncd
qhv,kfm
qhv,fmz
qhv,kbg
gcv,rls
gcv,kcq
gcv,mmg
gcv,djn
snm,kjt
snm,xpm
snm,rxn
snm,bkr
hjl,rlr
hjl,nnl
hjl,ngc
hjl,glt
hjl,qff
smc,lpd
smc,frx
smc,jln
smc,lqf
lnj,qfs
lnj,gvn
lnj,rlx
lnj,zth
vlf,zss
vlf,ghk
vlf,phm
vlf,xxs
vlf,tmc
xxs,vlf
xxs,xrn
xxs,snx
xxs,lxh
vqt,bnf
vqt,hct
vqt,lsc
vqt,txh
bjl,nxl
bjl,xvp
bjl,zhh
bjl,stv
stv,bjl
stv,tqf
stv,mqv
stv,khr
hbd,lfl
hbd,xkx
hbd,jth
hbd,rcp
hbd,vkx
jhp,pgx
jhp,szn
jhp,dvm
jhp,gnr
bgx,jgb
bgx,cdv
bgx,xpq
bgx,kfg
bgx,crf
bgx,fmr
ljs,mgt
ljs,dfm
ljs,dgp
ljs,gdd
ljs,npl
gxt,bnf
gxt,bsb
gxt,szp
gxt,mmj
xlx,hzq
xlx,slp
xlx,jfb
xlx,npf
xlx,snc
xlx,zln
npf,xlx
npf,sgm
npf,sxc
npf,mqs
vmr,nbq
vmr,jzj
vmr,pqq
vmr,ddb
vmr,ngc
sqc,qlv
sqc,mpq
sqc,nnl
sqc,ggb
dtv,qpp
dtv,shp
dtv,jcv
dtv,xvm
gcn,lgj
gcn,qsj
gcn,hcs
gcn,qcl
bsj,jhn
bsj,sch
bsj,pvk
bsj,xlv
bsj,nxm
bsj,lbs
bsj,mxf
lng,nht
lng,ksd
lng,dft
lng,hvb
vlx,htf
vlx,qfh
vlx,tsf
vlx,kcc
vlx,jtn
vlx,tzf
dps,tml
dps,kqr
dps,qfs
dps,mjc
tqj,pkx
tqj,hrr
tqj,flf
tqj,vcf
crg,qrm
crg,kkt
crg,mnc
crg,fvz
crg,hqf
txs,dzs
txs,mtq
txs,cqr
txs,vct
tvz,pbd
tvz,nhf
tvz,qtx
tvz,sdk
hrg,lxh
hrg,zfm
hrg,jxz
hrg,nnj
pfx,kqr
pfx,nxf
pfx,mdb
pfx,lgt
pfx,brj
brj,zln
brj,pfx
brj,gqc
brj,kfj
jrh,vjk
jrh,pkb
jrh,psh
jrh,ftb
xrn,xxs
xrn,gks
xrn,ngg
xrn,rkg
xrn,smg
gmk,mxf
gmk,xpq
gmk,jgv
gmk,kjk
sxv,hmf
sxv,pqv
sxv,rsj
sxv,vkx
cmc,jch
cmc,ndl
cmc,jdv
cmc,srg
jbj,nqv
jbj,tlj
jbj,cvh
jbj,msd
jbj,xrf
zhz,fdr
zhz,xbt
zhz,szh
zhz,vlb
zhz,prc
zhz,sfd
czj,kbf
czj,zcb
czj,gch
czj,kgj
czj,hzr
czj,pvm
sdh,fgk
sdh,mtn
sdh,jvd
sdh,hrc
rph,jjc
rph,cng
rph,srm
rph,zgm
gnm,spj
gnm,pmd
gnm,pdg
gnm,fck
sds,hbr
sds,pgl
sds,nkk
sds,lhx
fxz,qlv
fxz,pgm
fxz,nfb
fxz,xrt
fxz,bzp
pxh,zjf
pxh,tcx
pxh,pvv
pxh,dtd
cxd,dbm
cxd,qsh
cxd,shf
cxd,pnb
cxd,sdj
npl,ljs
npl,spk
npl,grq
npl,bsm
npl,mtv